engine_id,cycle,target,point,residual
2,30,125,123.77214226537248,1.2278577346275199
2,31,125,123.35299205240727,1.6470079475927264
2,32,125,124.35347544983772,0.64652455016228316
2,33,125,125,0
2,34,125,125,0
2,35,125,125,0
2,36,125,125,0
2,37,125,125,0
2,38,125,125,0
2,39,125,125,0
2,40,125,125,0
2,41,125,124.85623424068926,0.14376575931073887
2,42,125,124.1296631714179,0.87033682858209716
2,43,125,125,0
2,44,125,124.84632300212067,0.1536769978793302
2,45,125,122.52459963206562,2.4754003679343839
2,46,125,124.37011803645377,0.62988196354622517
2,47,125,124.51765675700344,0.4823432429965635
2,48,125,124.82802624528703,0.17197375471296539
2,49,125,122.90743127362357,2.0925687263764274
2,50,125,122.16967564003043,2.8303243599695662
2,51,125,124.09569464060407,0.90430535939593426
2,52,125,123.74296232400965,1.2570376759903468
2,53,125,122.25670653017812,2.7432934698218787
2,54,125,123.91156265715429,1.0884373428457081
2,55,125,123.33098953579514,1.6690104642048595
2,56,125,124.96195695511889,0.03804304488110688
2,57,125,124.90009920055748,0.099900799442522725
2,58,125,125,0
2,59,125,125,0
2,60,125,122.29288428657819,2.707115713421814
2,61,125,125,0
2,62,125,125,0
2,63,125,125,0
2,64,125,125,0
2,65,125,125,0
2,66,125,125,0
2,67,125,125,0
2,68,125,125,0
2,69,125,124.42493565658395,0.57506434341604518
2,70,125,122.48572484637852,2.5142751536214831
2,71,125,121.55643923914702,3.443560760852975
2,72,125,124.37048794903245,0.62951205096754848
2,73,125,123.56847732301701,1.4315226769829934
2,74,125,122.86006506017831,2.1399349398216856
2,75,125,125,0
2,76,125,123.66220845561185,1.3377915443881534
2,77,125,124.65563972971174,0.34436027028826288
2,78,125,125,0
2,79,125,125,0
2,80,125,125,0
2,81,125,124.53937037989147,0.46062962010853425
2,82,125,125,0
2,83,125,125,0
2,84,125,125,0
2,85,125,125,0
2,86,125,125,0
2,87,125,125,0
2,88,125,125,0
2,89,125,125,0
2,90,125,125,0
2,91,125,125,0
2,92,125,125,0
2,93,125,123.54131217893968,1.4586878210603231
2,94,125,125,0
2,95,125,123.93074699536922,1.0692530046307809
2,96,125,123.93232793601072,1.0676720639892778
2,97,125,124.08280768924512,0.91719231075488494
2,98,125,123.87235054635771,1.1276494536422916
2,99,125,122.626419335197,2.3735806648030007
2,100,125,124.95944673054257,0.040553269457433316
2,101,125,124.23541613737635,0.76458386262365252
2,102,125,121.7842468419355,3.2157531580645013
2,103,125,119.52168360570323,5.478316394296769
2,104,125,116.98532327307066,8.0146767269293377
2,105,125,120.66999158813962,4.3300084118603763
2,106,125,114.97860881569299,10.021391184307006
2,107,125,119.15207731187417,5.8479226881258342
2,108,125,119.69425352670335,5.3057464732966508
2,109,125,114.68461430668789,10.315385693312109
2,110,125,114.04302763262018,10.956972367379819
2,111,125,119.12103109011338,5.8789689098866234
2,112,125,116.83501722679237,8.1649827732076261
2,113,125,122.24563602070924,2.7543639792907584
2,114,125,121.53572587380117,3.4642741261988306
2,115,125,123.49477852371953,1.5052214762804681
2,116,125,121.91815321620362,3.0818467837963794
2,117,125,123.91104308318074,1.0889569168192565
2,118,125,121.82290440087445,3.1770955991255505
2,119,125,121.54549975334209,3.4545002466579149
2,120,125,120.48084145797934,4.5191585420206621
2,121,125,124.25290027948289,0.74709972051711304
2,122,125,123.47093839004481,1.5290616099551926
2,123,125,123.48832794615538,1.5116720538446202
2,124,125,123.46486682174171,1.5351331782582918
2,125,125,123.64861534105565,1.3513846589443546
2,126,125,122.90226765630963,2.0977323436903674
2,127,125,122.47252218682429,2.5274778131757074
2,128,125,121.56544308304302,3.4345569169569785
2,129,125,121.46110091979268,3.5388990802073153
2,130,125,121.08725653024497,3.9127434697550285
2,131,125,120.55840451167475,4.4415954883252482
2,132,125,120.39468410728273,4.6053158927172717
2,133,125,119.15792362913629,5.8420763708637082
2,134,125,120.72738739259569,4.2726126074043123
2,135,125,119.41311919510296,5.5868808048970351
2,136,125,120.0953446316641,4.9046553683358951
2,137,125,120.06928573054174,4.9307142694582637
2,138,125,119.32597767491383,5.6740223250861703
2,139,125,119.01401459875098,5.9859854012490246
2,140,125,118.65186856553204,6.3481314344679589
2,141,125,120.76248448820138,4.2375155117986196
2,142,125,119.82143981362047,5.1785601863795279
2,143,125,107.61740266024709,17.382597339752905
2,144,125,115.15989197188243,9.8401080281175695
2,145,125,114.73456785977116,10.265432140228839
2,146,125,114.52181255239236,10.478187447607638
2,147,125,108.29800964965563,16.701990350344374
2,148,125,117.12332572138442,7.8766742786155817
2,149,125,108.36537328255797,16.634626717442032
2,150,125,108.88170034751074,16.118299652489256
2,151,125,116.90334030877423,8.0966596912257671
2,152,125,111.96157317217703,13.038426827822974
2,153,125,102.82492058392869,22.175079416071313
2,154,125,102.66093917914087,22.339060820859132
2,155,125,104.57884099972391,20.421159000276091
2,156,125,107.01905049752392,17.980949502476079
2,157,125,105.72794386084394,19.272056139156064
2,158,125,110.49668955039301,14.503310449606985
2,159,125,118.25633387209047,6.7436661279095347
2,160,125,117.30582134177259,7.6941786582274148
2,161,125,118.35189251885049,6.6481074811495091
2,162,125,120.49450042575985,4.5054995742401474
2,163,124,112.7622842370979,11.237715762902099
2,164,123,109.70543574082052,13.294564259179481
2,165,122,112.94640530558566,9.0535946944143433
2,166,121,117.82507257092919,3.1749274290708058
2,167,120,113.02619778168501,6.9738022183149866
2,168,119,114.12576035985417,4.8742396401458308
2,169,118,114.77866005006157,3.2213399499384252
2,170,117,113.84468530184098,3.1553146981590174
2,171,116,113.14743810416603,2.852561895833972
2,172,115,114.36896407794096,0.63103592205904135
2,173,114,110.56148475125347,3.4385152487465263
2,174,113,110.5787633538441,2.4212366461559043
2,175,112,101.87237310828627,10.127626891713732
2,176,111,109.03975733777567,1.9602426622243314
2,177,110,107.64177049610277,2.3582295038972347
2,178,109,100.78565722252594,8.2143427774740587
2,179,108,101.65399055413725,6.3460094458627481
2,180,107,102.95919825067108,4.0408017493289208
2,181,106,110.97091025573856,-4.9709102557385592
2,182,105,102.50901652793583,2.4909834720641726
2,183,104,99.308177464041634,4.6918225359583658
2,184,103,98.978105101233183,4.0218948987668171
2,185,102,103.57123196553114,-1.5712319655311404
2,186,101,104.09838152496681,-3.0983815249668112
2,187,100,97.1237285298415,2.8762714701584997
2,188,99,103.57097255754093,-4.5709725575409266
2,189,98,96.874004211604472,1.1259957883955281
2,190,97,98.407275524723758,-1.4072755247237581
2,191,96,90.45927994018389,5.5407200598161097
2,192,95,95.652898074719189,-0.65289807471918948
2,193,94,82.126094390944345,11.873905609055655
2,194,93,79.843999546502346,13.156000453497654
2,195,92,90.150004884504455,1.8499951154955454
2,196,91,80.496226064489449,10.503773935510551
2,197,90,79.646682835932083,10.353317164067917
2,198,89,91.304904365199732,-2.3049043651997323
2,199,88,89.780637436710393,-1.7806374367103928
2,200,87,79.713951112834081,7.2860488871659186
2,201,86,78.911640397073569,7.0883596029264311
2,202,85,81.421363564543697,3.5786364354563034
2,203,84,68.295593301177405,15.704406698822595
2,204,83,70.967285587792929,12.032714412207071
2,205,82,70.330960626836159,11.669039373163841
2,206,81,86.425432602945904,-5.4254326029459037
2,207,80,90.213191727174816,-10.213191727174816
2,208,79,88.189724567536473,-9.1897245675364729
2,209,78,80.499009152883474,-2.4990091528834739
2,210,77,76.560648431236942,0.43935156876305825
2,211,76,96.324309596360521,-20.324309596360521
2,212,75,84.897218320296332,-9.8972183202963322
2,213,74,86.009863098153289,-12.009863098153289
2,214,73,92.984426278032217,-19.984426278032217
2,215,72,67.680513640344074,4.3194863596559259
2,216,71,79.162850816629174,-8.1628508166291738
2,217,70,63.183620656579208,6.8163793434207918
2,218,69,74.840924030372676,-5.8409240303726762
2,219,68,76.881246941747648,-8.8812469417476478
2,220,67,54.880627681544169,12.119372318455831
2,221,66,62.047823296667758,3.9521767033322419
2,222,65,60.642561932181842,4.3574380678181583
2,223,64,49.597219857329478,14.402780142670522
2,224,63,41.967828551362217,21.032171448637783
2,225,62,42.712632954359336,19.287367045640664
2,226,61,44.452706988841896,16.547293011158104
2,227,60,45.57745569470255,14.42254430529745
2,228,59,52.080427819260855,6.919572180739145
2,229,58,51.651585663648206,6.3484143363517944
2,230,57,41.833776390426351,15.166223609573649
2,231,56,46.104522892460906,9.8954771075390937
2,232,55,46.095109734443156,8.904890265556844
2,233,54,54.441816699959318,-0.44181669995931827
2,234,53,55.386671158879892,-2.3866711588798921
2,235,52,56.701703222691251,-4.7017032226912505
2,236,51,56.568645986888818,-5.5686459868888178
2,237,50,52.747782542566917,-2.7477825425669167
2,238,49,55.654218844149973,-6.6542188441499732
2,239,48,46.22905326817596,1.7709467318240399
2,240,47,48.763084528312888,-1.7630845283128878
2,241,46,41.745911650306589,4.2540883496934114
2,242,45,41.973883989589311,3.0261160104106892
2,243,44,44.744011575317259,-0.74401157531725914
2,244,43,48.51231987354091,-5.5123198735409105
2,245,42,36.247812957426177,5.7521870425738229
2,246,41,42.194662251301743,-1.1946622513017431
2,247,40,36.135278696457945,3.8647213035420549
2,248,39,31.408925862457146,7.5910741375428543
2,249,38,27.299026649831852,10.700973350168148
2,250,37,31.126807860973333,5.873192139026667
2,251,36,30.357098441445977,5.6429015585540228
2,252,35,30.481080012455916,4.5189199875440842
2,253,34,28.777284161012957,5.2227158389870425
2,254,33,23.971154935952651,9.0288450640473492
2,255,32,23.848678006802885,8.151321993197115
2,256,31,22.2674434204873,8.7325565795126998
2,257,30,22.913041771851848,7.086958228148152
2,258,29,23.413715445098674,5.5862845549013258
2,259,28,20.220902936463549,7.7790970635364509
2,260,27,16.495019458568741,10.504980541431259
2,261,26,15.535102081075225,10.464897918924775
2,262,25,17.15527255665879,7.8447274433412097
2,263,24,19.106965218530934,4.8930347814690656
2,264,23,18.050677194560951,4.9493228054390492
2,265,22,18.724682965899557,3.2753170341004427
2,266,21,19.075899925956918,1.924100074043082
2,267,20,18.950442011799506,1.049557988200494
2,268,19,18.680996470772111,0.31900352922788855
2,269,18,16.428417302922998,1.5715826970770017
2,270,17,15.321090719531131,1.6789092804688686
2,271,16,12.053738967715942,3.9462610322840579
2,272,15,11.947739508861206,3.0522604911387941
2,273,14,11.64929788168053,2.3507021183194698
2,274,13,8.6559007168735178,4.3440992831264822
2,275,12,7.4609587225515499,4.5390412774484501
2,276,11,5.9646258907624468,5.0353741092375532
2,277,10,6.2384812205893123,3.7615187794106877
2,278,9,5.6509895183524197,3.3490104816475803
2,279,8,5.591147068996615,2.408852931003385
2,280,7,5.9294024131968222,1.0705975868031778
2,281,6,3.7439795542630372,2.2560204457369628
2,282,5,4.2175621388840865,0.78243786111591351
2,283,4,3.2243953717957949,0.77560462820420506
2,284,3,1.8194976430245302,1.1805023569754698
2,285,2,1.5339551780876128,0.46604482191238716
2,286,1,0,1
2,287,0,0,0
3,30,125,124.50899328792956,0.491006712070444
3,31,125,123.31748944368236,1.6825105563176379
3,32,125,122.51377031847801,2.4862296815219906
3,33,125,122.0421681082136,2.9578318917863982
3,34,125,121.64191109847833,3.3580889015216684
3,35,125,123.20536903407582,1.7946309659241848
3,36,125,118.3124295133055,6.6875704866944972
3,37,125,119.04496903397283,5.9550309660271665
3,38,125,117.60627986903469,7.3937201309653062
3,39,125,120.14925535230786,4.8507446476921388
3,40,125,119.39560422015627,5.6043957798437276
3,41,125,119.8599032987773,5.1400967012227028
3,42,125,117.23601239934278,7.7639876006572166
3,43,125,115.35602536999298,9.6439746300070226
3,44,125,110.26300787001703,14.736992129982966
3,45,125,109.24121645896859,15.758783541031406
3,46,125,110.35133491707374,14.648665082926257
3,47,125,110.61963482626689,14.380365173733111
3,48,125,110.69053520758378,14.309464792416222
3,49,125,117.52322138179346,7.4767786182065379
3,50,125,120.21392676029896,4.7860732397010395
3,51,125,119.35235966430358,5.6476403356964227
3,52,125,120.09205181673293,4.9079481832670666
3,53,125,117.68963019913639,7.3103698008636115
3,54,125,117.07761842118298,7.9223815788170242
3,55,124,118.19422611708266,5.805773882917336
3,56,123,120.0271291841633,2.9728708158366999
3,57,122,120.78092253848182,1.2190774615181823
3,58,121,118.90783531784692,2.0921646821530828
3,59,120,121.95555794594105,-1.9555579459410524
3,60,119,115.9902391261738,3.0097608738261954
3,61,118,113.27692291994015,4.7230770800598521
3,62,117,109.51281649070185,7.4871835092981485
3,63,116,110.1059113916982,5.8940886083018
3,64,115,106.94915677441256,8.0508432255874425
3,65,114,112.99400189868857,1.0059981013114339
3,66,113,112.2067987584458,0.79320124155420046
3,67,112,112.34290986776166,-0.34290986776166221
3,68,111,114.73075548276117,-3.7307554827611682
3,69,110,115.10428287097331,-5.1042828709733072
3,70,109,114.01115242438047,-5.0111524243804695
3,71,108,113.21739238321389,-5.2173923832138911
3,72,107,114.276100890984,-7.2761008909839973
3,73,106,109.88106694676632,-3.8810669467663246
3,74,105,112.75574846810346,-7.7557484681034623
3,75,104,115.82723594693319,-11.827235946933186
3,76,103,111.72744998429413,-8.7274499842941253
3,77,102,105.41523562838084,-3.4152356283808416
3,78,101,103.66924049188552,-2.6692404918855175
3,79,100,107.79616772716102,-7.7961677271610199
3,80,99,102.83920068247899,-3.8392006824789888
3,81,98,109.63142614354017,-11.631426143540168
3,82,97,99.367164505281949,-2.3671645052819485
3,83,96,95.763040604105484,0.23695939589451598
3,84,95,97.814989826655321,-2.8149898266553208
3,85,94,96.324675434699657,-2.3246754346996568
3,86,93,88.525645465392259,4.4743545346077411
3,87,92,89.19586959536484,2.8041304046351598
3,88,91,94.035173116445421,-3.0351731164454208
3,89,90,91.929493782022845,-1.9294937820228455
3,90,89,83.389409492806649,5.6105905071933506
3,91,88,87.058049679200678,0.94195032079932162
3,92,87,80.464530673642784,6.5354693263572159
3,93,86,83.551895106956778,2.4481048930432223
3,94,85,85.205388375611406,-0.2053883756114061
3,95,84,86.136572137260828,-2.1365721372608277
3,96,83,96.225630195779161,-13.225630195779161
3,97,82,89.120813963651472,-7.1208139636514716
3,98,81,86.169089320574471,-5.1690893205744715
3,99,80,89.628069846044937,-9.6280698460449372
3,100,79,89.559689307222627,-10.559689307222627
3,101,78,93.179700357487036,-15.179700357487036
3,102,77,97.535697467802351,-20.535697467802351
3,103,76,96.478437454111997,-20.478437454111997
3,104,75,93.525932369150155,-18.525932369150155
3,105,74,98.928376266791275,-24.928376266791275
3,106,73,95.408242276934516,-22.408242276934516
3,107,72,84.52884173789316,-12.52884173789316
3,108,71,84.806661416729995,-13.806661416729995
3,109,70,88.760616460261645,-18.760616460261645
3,110,69,85.469386580292053,-16.469386580292053
3,111,68,95.143182822424563,-27.143182822424563
3,112,67,90.030093876124141,-23.030093876124141
3,113,66,91.230387748581634,-25.230387748581634
3,114,65,89.518914352564138,-24.518914352564138
3,115,64,89.36893066749559,-25.36893066749559
3,116,63,86.420371703689668,-23.420371703689668
3,117,62,94.038608831472985,-32.038608831472985
3,118,61,87.949458951644075,-26.949458951644075
3,119,60,90.449634022369722,-30.449634022369722
3,120,59,73.69113493534654,-14.69113493534654
3,121,58,70.69168265670919,-12.69168265670919
3,122,57,75.083284351340254,-18.083284351340254
3,123,56,68.168645009611296,-12.168645009611296
3,124,55,65.5633264783973,-10.5633264783973
3,125,54,59.724884557817262,-5.724884557817262
3,126,53,55.521917048816022,-2.5219170488160216
3,127,52,53.50195086954524,-1.5019508695452402
3,128,51,49.415307088028612,1.5846929119713877
3,129,50,55.321224544200753,-5.3212245442007529
3,130,49,54.536939498736096,-5.5369394987360963
3,131,48,49.832243471703144,-1.8322434717031442
3,132,47,45.483437329352114,1.5165626706478861
3,133,46,45.966013279274492,0.033986720725508235
3,134,45,44.821889473283854,0.17811052671614647
3,135,44,48.071953756685986,-4.0719537566859856
3,136,43,48.383690299679699,-5.3836902996796994
3,137,42,48.741535546858088,-6.7415355468580884
3,138,41,43.458600208617383,-2.4586002086173835
3,139,40,42.961922491194592,-2.9619224911945921
3,140,39,41.130131771051857,-2.1301317710518575
3,141,38,42.514056386763635,-4.5140563867636345
3,142,37,40.018296880609611,-3.0182968806096113
3,143,36,40.232214975749535,-4.2322149757495353
3,144,35,39.147011544579421,-4.1470115445794207
3,145,34,36.406924767168931,-2.4069247671689311
3,146,33,38.62747881099137,-5.62747881099137
3,147,32,38.438738538288952,-6.4387385382889519
3,148,31,35.174348200647536,-4.1743482006475361
3,149,30,32.056298284044594,-2.056298284044594
3,150,29,31.918721951301563,-2.9187219513015634
3,151,28,30.730406689185493,-2.730406689185493
3,152,27,32.054365821639657,-5.0543658216396565
3,153,26,30.478217142335296,-4.4782171423352963
3,154,25,30.342467455460184,-5.3424674554601843
3,155,24,31.706323838393246,-7.7063238383932458
3,156,23,25.672658333881973,-2.6726583338819729
3,157,22,20.771887163993313,1.2281128360066873
3,158,21,19.646079588644877,1.3539204113551229
3,159,20,21.515179925111116,-1.5151799251111164
3,160,19,21.632408983768187,-2.6324089837681868
3,161,18,19.751375453404368,-1.7513754534043677
3,162,17,17.054280888023673,-0.054280888023672702
3,163,16,17.011297969171579,-1.0112979691715793
3,164,15,15.11470630471373,-0.11470630471372978
3,165,14,14.896668228706718,-0.89666822870671758
3,166,13,15.10579127585037,-2.1057912758503701
3,167,12,12.890249592776449,-0.89024959277644911
3,168,11,13.79349445928934,-2.7934944592893398
3,169,10,10.465482421174279,-0.46548242117427918
3,170,9,9.3443079338591897,-0.34430793385918967
3,171,8,7.288409273858159,0.71159072614184105
3,172,7,5.9438824216202208,1.0561175783797792
3,173,6,5.1154651099236688,0.88453489007633124
3,174,5,4.1241161561155897,0.87588384388441032
3,175,4,3.9721868968973548,0.027813103102645176
3,176,3,2.9381642735478088,0.061835726452191153
3,177,2,2.9299293878279036,-0.92992938782790358
3,178,1,0.63453634071906151,0.36546365928093849
3,179,0,0.30911594382203467,-0.30911594382203467
5,30,125,124.53453813758476,0.46546186241523912
5,31,125,123.87823686378043,1.1217631362195704
5,32,125,123.24828050075475,1.7517194992452545
5,33,125,122.7175380992185,2.2824619007814988
5,34,125,123.6854585052459,1.3145414947540957
5,35,125,123.96808889331477,1.0319111066852287
5,36,125,122.6005778321021,2.399422167897896
5,37,125,123.6702022384524,1.3297977615475958
5,38,125,123.83989698574661,1.1601030142533943
5,39,125,123.84506990005558,1.1549300999444228
5,40,125,124.07234744985246,0.92765255014754189
5,41,125,123.84745784919448,1.152542150805516
5,42,125,116.72817606960783,8.2718239303921735
5,43,125,122.33662555240296,2.663374447597036
5,44,125,118.76365720417721,6.2363427958227931
5,45,125,124.52666608581276,0.47333391418723636
5,46,125,125,0
5,47,125,123.50504719951344,1.4949528004865584
5,48,125,123.68112003498739,1.3188799650126128
5,49,125,125,0
5,50,125,125,0
5,51,125,125,0
5,52,125,125,0
5,53,125,125,0
5,54,125,121.73509335426633,3.2649066457336744
5,55,125,123.4070407307233,1.5929592692767045
5,56,125,125,0
5,57,125,125,0
5,58,125,125,0
5,59,125,125,0
5,60,125,124.45813707664078,0.54186292335921848
5,61,125,122.44992219239828,2.5500778076017241
5,62,125,124.89016189033828,0.10983810966172314
5,63,125,124.52931743547883,0.47068256452116941
5,64,125,125,0
5,65,125,125,0
5,66,125,125,0
5,67,125,125,0
5,68,125,125,0
5,69,125,125,0
5,70,125,125,0
5,71,125,125,0
5,72,125,125,0
5,73,125,124.0492215064077,0.9507784935922956
5,74,125,125,0
5,75,125,125,0
5,76,125,124.1332999596067,0.8667000403932974
5,77,125,123.81806418472138,1.1819358152786208
5,78,125,123.33207187607097,1.6679281239290304
5,79,125,120.74378191142441,4.2562180885755936
5,80,125,120.50720799077222,4.4927920092277844
5,81,125,118.77781741896547,6.2221825810345308
5,82,125,121.34597051418368,3.6540294858163236
5,83,125,121.76660837629328,3.2333916237067228
5,84,125,119.70923069024929,5.2907693097507149
5,85,125,119.5153556387195,5.4846443612805018
5,86,125,117.32254335430648,7.6774566456935247
5,87,125,121.35329406337813,3.6467059366218706
5,88,125,117.69938111670125,7.3006188832987533
5,89,125,119.53000634627709,5.4699936537229092
5,90,125,119.73622861739602,5.2637713826039771
5,91,125,117.70681606503788,7.2931839349621157
5,92,125,124.39211672475778,0.60788327524221586
5,93,125,123.43595056000822,1.564049439991777
5,94,125,121.96325903159776,3.0367409684022419
5,95,125,119.69576694771264,5.3042330522873584
5,96,125,115.22774771327751,9.772252286722491
5,97,125,116.708203237498,8.2917967625020026
5,98,125,117.45673479773657,7.5432652022634272
5,99,125,114.86462749038553,10.13537250961447
5,100,125,121.60641447666258,3.3935855233374213
5,101,125,120.1954927457103,4.8045072542897032
5,102,125,121.63619031763869,3.3638096823613068
5,103,125,119.58173405716967,5.418265942830331
5,104,125,119.33667636543544,5.6633236345645628
5,105,125,112.16652595643546,12.833474043564536
5,106,125,115.4644245846242,9.5355754153758028
5,107,125,117.38630790101421,7.6136920989857941
5,108,125,111.08581887857885,13.914181121421151
5,109,125,115.29954854020406,9.7004514597959428
5,110,125,118.15419884772811,6.8458011522718891
5,111,125,114.4075998325299,10.592400167470103
5,112,125,115.26090557628832,9.739094423711677
5,113,125,110.7591045329803,14.240895467019698
5,114,125,110.99307068837193,14.00692931162807
5,115,125,111.44853327100429,13.551466728995706
5,116,125,114.99445566464617,10.005544335353832
5,117,125,113.32398540718047,11.676014592819527
5,118,125,113.2094477271053,11.790552272894701
5,119,125,112.16286339644564,12.837136603554356
5,120,125,109.95112932609867,15.048870673901334
5,121,125,114.43319265931312,10.566807340686879
5,122,125,111.73278486841754,13.267215131582461
5,123,125,112.34717529431218,12.65282470568782
5,124,125,109.78019228601642,15.219807713983585
5,125,125,112.12813853272745,12.871861467272552
5,126,125,105.6497643521362,19.350235647863798
5,127,125,106.64424281240808,18.355757187591919
5,128,125,99.733125347040186,25.266874652959814
5,129,125,102.12556382893551,22.874436171064488
5,130,125,97.573080810909985,27.426919189090015
5,131,125,93.453190535186934,31.546809464813066
5,132,125,93.207256169105364,31.792743830894636
5,133,125,92.346700218476883,32.653299781523117
5,134,125,97.360807376986301,27.639192623013699
5,135,125,95.714307448583199,29.285692551416801
5,136,125,102.55983377445089,22.440166225549106
5,137,125,104.74464219889262,20.25535780110738
5,138,125,108.16352287756098,16.836477122439021
5,139,125,102.8854300991258,22.114569900874201
5,140,125,94.597785340700156,30.402214659299844
5,141,125,96.889131118531296,28.110868881468704
5,142,125,100.27426507554318,24.725734924456816
5,143,125,101.40488144778901,23.595118552210991
5,144,125,98.451357742622733,26.548642257377267
5,145,124,99.493394327933743,24.506605672066257
5,146,123,99.745169250667175,23.254830749332825
5,147,122,99.428043554756201,22.571956445243799
5,148,121,103.54905986370372,17.450940136296282
5,149,120,102.90248408493163,17.097515915068371
5,150,119,101.05776871486211,17.942231285137893
5,151,118,98.358040477404046,19.641959522595954
5,152,117,99.801691506217693,17.198308493782307
5,153,116,104.17357662351023,11.826423376489771
5,154,115,97.774633448063099,17.225366551936901
5,155,114,100.76593665165686,13.234063348343142
5,156,113,99.979438758912835,13.020561241087165
5,157,112,93.819648445208884,18.180351554791116
5,158,111,89.784331046059862,21.215668953940138
5,159,110,90.228853468408147,19.771146531591853
5,160,109,90.599905919452254,18.400094080547746
5,161,108,77.902348282139798,30.097651717860202
5,162,107,83.523719459638599,23.476280540361401
5,163,106,82.082003837756616,23.917996162243384
5,164,105,79.153000477482195,25.846999522517805
5,165,104,82.617894275102643,21.382105724897357
5,166,103,79.699159058067266,23.300840941932734
5,167,102,81.169867594488778,20.830132405511222
5,168,101,81.685610568069905,19.314389431930095
5,169,100,77.879945769543056,22.120054230456944
5,170,99,76.241982392601557,22.758017607398443
5,171,98,74.967894732169555,23.032105267830445
5,172,97,76.164760069180744,20.835239930819256
5,173,96,78.560127524227909,17.439872475772091
5,174,95,81.174613742211932,13.825386257788068
5,175,94,74.129292160598169,19.870707839401831
5,176,93,73.961689485858017,19.038310514141983
5,177,92,71.662182294340354,20.337817705659646
5,178,91,75.921203803695136,15.078796196304864
5,179,90,84.145825094671849,5.8541749053281507
5,180,89,84.666908909755733,4.3330910902442668
5,181,88,83.750969876500264,4.2490301234997361
5,182,87,84.271021187843431,2.7289788121565692
5,183,86,81.831619930167093,4.1683800698329065
5,184,85,85.441403500853681,-0.44140350085368141
5,185,84,89.347792259152712,-5.3477922591527118
5,186,83,87.297044082080347,-4.2970440820803475
5,187,82,86.033180048987688,-4.0331800489876883
5,188,81,81.823899331016491,-0.82389933101649149
5,189,80,82.454484423314099,-2.4544844233140992
5,190,79,73.821652080180584,5.1783479198194158
5,191,78,78.789341873239891,-0.78934187323989136
5,192,77,80.046757066227173,-3.0467570662271726
5,193,76,80.50585679158246,-4.5058567915824597
5,194,75,76.740565015784483,-1.7405650157844832
5,195,74,71.149099414440499,2.8509005855595007
5,196,73,68.248627750760889,4.7513722492391111
5,197,72,76.709000995082988,-4.7090009950829881
5,198,71,72.502444227498415,-1.5024442274984153
5,199,70,67.772303370277328,2.2276966297226721
5,200,69,65.476335791414598,3.5236642085854015
5,201,68,60.332171258624179,7.6678287413758213
5,202,67,58.783130181915205,8.2168698180847954
5,203,66,65.716085251333936,0.28391474866606359
5,204,65,54.335443237175255,10.664556762824745
5,205,64,46.772575961005408,17.227424038994592
5,206,63,40.364102529948923,22.635897470051077
5,207,62,46.052009040588494,15.947990959411506
5,208,61,43.634249330098079,17.365750669901921
5,209,60,52.365857912980559,7.6341420870194412
5,210,59,54.331061601965615,4.6689383980343848
5,211,58,49.173512368363355,8.8264876316366454
5,212,57,48.179126301092168,8.8208736989078318
5,213,56,51.176182947053249,4.823817052946751
5,214,55,48.130951442605998,6.8690485573940023
5,215,54,54.006504147043273,-0.0065041470432731785
5,216,53,55.347084272164579,-2.3470842721645795
5,217,52,42.827530285309614,9.1724697146903864
5,218,51,38.226478998947563,12.773521001052437
5,219,50,38.779274782230836,11.220725217769164
5,220,49,37.432158166088399,11.567841833911601
5,221,48,38.829304526618593,9.1706954733814072
5,222,47,40.645120800892094,6.3548791991079057
5,223,46,31.921968645440341,14.078031354559659
5,224,45,38.430746160654962,6.5692538393450377
5,225,44,30.70346661561944,13.29653338438056
5,226,43,33.147084533321454,9.8529154666785459
5,227,42,31.371355294633315,10.628644705366685
5,228,41,30.989911838808123,10.010088161191877
5,229,40,35.685212199968923,4.3147878000310769
5,230,39,34.478154357717109,4.5218456422828908
5,231,38,34.276866157753375,3.7231338422466251
5,232,37,25.925189502216146,11.074810497783854
5,233,36,30.857248421933964,5.1427515780660364
5,234,35,34.584512584436673,0.41548741556332658
5,235,34,37.336052175114006,-3.3360521751140055
5,236,33,36.251443360060591,-3.2514433600605912
5,237,32,29.590642991856583,2.4093570081434166
5,238,31,26.804898124338091,4.1951018756619085
5,239,30,29.322975485151169,0.67702451484883142
5,240,29,30.46600209249635,-1.4660020924963497
5,241,28,31.088584563175434,-3.0885845631754343
5,242,27,26.032334638595788,0.96766536140421167
5,243,26,23.478944525744225,2.5210554742557747
5,244,25,19.046269040607001,5.953730959392999
5,245,24,16.377435736443129,7.6225642635568711
5,246,23,15.89321847335798,7.1067815266420205
5,247,22,11.917435942520818,10.082564057479182
5,248,21,15.508718775871873,5.4912812241281266
5,249,20,11.526379389221397,8.4736206107786032
5,250,19,13.574791615922754,5.425208384077246
5,251,18,11.86598783489112,6.1340121651088797
5,252,17,11.445085812644775,5.5549141873552248
5,253,16,6.9750487652022191,9.0249512347977809
5,254,15,6.4979960767525764,8.5020039232474236
5,255,14,5.9208099288432932,8.079190071156706
5,256,13,4.3843074743357375,8.6156925256642616
5,257,12,4.8233130870313508,7.1766869129686492
5,258,11,4.7478761156646536,6.2521238843353464
5,259,10,1.2872769864600653,8.7127230135399341
5,260,9,2.4908540417275242,6.5091459582724758
5,261,8,2.463361426309949,5.536638573690051
5,262,7,1.9535554252973988,5.0464445747026012
5,263,6,1.5014052061097676,4.4985947938902324
5,264,5,0.01019685266865961,4.9898031473313402
5,265,4,0,4
5,266,3,0,3
5,267,2,0,2
5,268,1,0,1
5,269,0,0,0
11,30,125,117.69302184759292,7.3069781524070834
11,31,125,116.61408312709624,8.3859168729037634
11,32,125,116.49885089027973,8.5011491097202736
11,33,125,117.53700158455199,7.4629984154480127
11,34,125,118.31067409920982,6.6893259007901804
11,35,125,118.62357252847788,6.3764274715221205
11,36,125,116.82496368588046,8.1750363141195379
11,37,125,119.75702709140128,5.2429729085987162
11,38,125,120.50239356039259,4.4976064396074094
11,39,125,122.00202784740432,2.9979721525956791
11,40,125,122.61150090939755,2.3884990906024512
11,41,125,121.86543865629721,3.1345613437027851
11,42,125,119.73276322391816,5.2672367760818446
11,43,125,119.83586281121737,5.1641371887826324
11,44,125,121.91580765974233,3.0841923402576725
11,45,125,120.44342222869761,4.5565777713023863
11,46,125,122.37971543195725,2.6202845680427487
11,47,125,123.68672989754263,1.3132701024573663
11,48,125,122.7883199219396,2.2116800780603967
11,49,125,122.69465266071504,2.3053473392849639
11,50,125,122.14460300081606,2.8553969991839381
11,51,125,124.80166682963912,0.1983331703608826
11,52,125,122.18444003049457,2.8155599695054292
11,53,125,123.66169745667442,1.3383025433255824
11,54,125,123.64739396821324,1.3526060317867632
11,55,125,123.20909944709469,1.7909005529053132
11,56,125,120.19727664252468,4.8027233574753154
11,57,125,122.6792916425499,2.3207083574501013
11,58,125,122.03798965640578,2.9620103435942156
11,59,125,120.50732594324712,4.4926740567528753
11,60,125,122.65314082058316,2.346859179416839
11,61,125,121.80843558370123,3.1915644162987746
11,62,125,120.38284354631436,4.617156453685638
11,63,125,122.94657200897134,2.0534279910286557
11,64,125,122.82281778190054,2.1771822180994604
11,65,125,123.10028338515922,1.8997166148407842
11,66,125,123.19288987938675,1.8071101206132454
11,67,125,124.19855481326567,0.80144518673432685
11,68,125,124.15283647702095,0.84716352297904507
11,69,125,122.50924222764577,2.4907577723542289
11,70,125,118.47001447997917,6.5299855200208299
11,71,125,120.73245020859791,4.2675497914020895
11,72,125,117.58202144707481,7.4179785529251916
11,73,125,117.94802066498828,7.0519793350117226
11,74,125,119.15526090171625,5.8447390982837533
11,75,125,119.29580252619223,5.704197473807767
11,76,125,117.97883341963069,7.0211665803693109
11,77,125,119.4281367378578,5.5718632621422017
11,78,125,118.90046599462904,6.0995340053709555
11,79,125,119.0773909636812,5.9226090363188035
11,80,125,122.14581176756164,2.8541882324383607
11,81,125,122.91893401613605,2.0810659838639509
11,82,125,122.10930173885112,2.8906982611488843
11,83,125,123.57848826759674,1.4215117324032605
11,84,125,123.99439015460612,1.0056098453938773
11,85,125,124.90344045257174,0.096559547428256565
11,86,125,118.82608598491443,6.1739140150855718
11,87,125,120.92873304340178,4.0712669565982225
11,88,125,115.50654244219811,9.4934575578018894
11,89,125,110.13475459170223,14.865245408297767
11,90,125,113.82400995540334,11.175990044596659
11,91,125,111.80050661101279,13.199493388987207
11,92,125,117.31678283817895,7.6832171618210481
11,93,125,111.04564129680493,13.954358703195069
11,94,125,115.95612158732297,9.0438784126770315
11,95,125,113.20767932626305,11.792320673736953
11,96,125,113.81176606278304,11.188233937216964
11,97,125,115.07222292281961,9.9277770771803944
11,98,125,110.33125540337286,14.668744596627135
11,99,125,119.25189157280784,5.7481084271921645
11,100,125,118.63483230443488,6.3651676955651197
11,101,125,117.64581432934631,7.3541856706536919
11,102,125,118.00437185616649,6.9956281438335139
11,103,125,122.18047755911401,2.81952244088599
11,104,125,120.02568975612486,4.9743102438751379
11,105,125,118.72120316309358,6.2787968369064231
11,106,125,113.46680098226236,11.533199017737644
11,107,125,118.55964888810585,6.4403511118941452
11,108,125,119.11887287095334,5.8811271290466607
11,109,125,119.38694084935933,5.613059150640666
11,110,125,117.65823696636555,7.3417630336344502
11,111,125,120.44255036104943,4.5574496389505725
11,112,125,121.39713106491203,3.6028689350879688
11,113,125,121.3370759640809,3.6629240359191044
11,114,125,120.22555756230477,4.7744424376952281
11,115,125,116.89156779626785,8.1084322037321499
11,116,124,114.79756791629423,9.2024320837057729
11,117,123,112.18552114352229,10.814478856477706
11,118,122,105.15282541912482,16.847174580875176
11,119,121,110.14057031502648,10.85942968497352
11,120,120,108.88383492625385,11.116165073746146
11,121,119,103.75455179186839,15.245448208131606
11,122,118,105.81810683402033,12.181893165979673
11,123,117,94.251950655089544,22.748049344910456
11,124,116,96.144430547332647,19.855569452667353
11,125,115,85.787468667574814,29.212531332425186
11,126,114,96.733421864278995,17.266578135721005
11,127,113,99.658882919463224,13.341117080536776
11,128,112,93.969466001214613,18.030533998785387
11,129,111,86.098286283294058,24.901713716705942
11,130,110,88.985837704681558,21.014162295318442
11,131,109,86.93963366132084,22.06036633867916
11,132,108,97.67410071932315,10.32589928067685
11,133,107,93.645809784319866,13.354190215680134
11,134,106,90.195291326785139,15.804708673214861
11,135,105,85.367131084914462,19.632868915085538
11,136,104,93.447231420491207,10.552768579508793
11,137,103,101.572532668623,1.4274673313770023
11,138,102,92.32450240007627,9.6754975999237303
11,139,101,96.644684901526375,4.3553150984736249
11,140,100,96.440528714289087,3.559471285710913
11,141,99,97.824796942130064,1.1752030578699362
11,142,98,103.09367346833739,-5.0936734683373857
11,143,97,101.50597758542328,-4.5059775854232811
11,144,96,98.218869072906557,-2.218869072906557
11,145,95,89.772079041649363,5.2279209583506372
11,146,94,89.37760939939875,4.6223906006012498
11,147,93,84.223004046796888,8.7769959532031123
11,148,92,80.739549869289917,11.260450130710083
11,149,91,65.251882738737876,25.748117261262124
11,150,90,74.791127681588563,15.208872318411437
11,151,89,83.48827519876275,5.5117248012372499
11,152,88,74.637962022706404,13.362037977293596
11,153,87,72.029586277568413,14.970413722431587
11,154,86,76.887295581319748,9.1127044186802522
11,155,85,76.775489264273247,8.2245107357267528
11,156,84,86.369246140974809,-2.3692461409748091
11,157,83,86.262413823234951,-3.2624138232349509
11,158,82,81.245511440031876,0.7544885599681237
11,159,81,76.167752651467836,4.8322473485321638
11,160,80,76.403632524720777,3.596367475279223
11,161,79,79.859828495727641,-0.85982849572764053
11,162,78,86.980409904690561,-8.9804099046905606
11,163,77,98.540299446703614,-21.540299446703614
11,164,76,90.003743527177662,-14.003743527177662
11,165,75,85.952102417121395,-10.952102417121395
11,166,74,86.907734445974768,-12.907734445974768
11,167,73,82.855008005722738,-9.8550080057227376
11,168,72,72.61059107436364,-0.61059107436364002
11,169,71,63.834321534657711,7.1656784653422889
11,170,70,81.669343103447446,-11.669343103447446
11,171,69,73.859701931037833,-4.8597019310378329
11,172,68,74.718491711232545,-6.7184917112325451
11,173,67,79.15244057390116,-12.15244057390116
11,174,66,67.272055293887504,-1.2720552938875045
11,175,65,67.458914524381285,-2.4589145243812851
11,176,64,68.17301792959347,-4.1730179295934704
11,177,63,64.173814482468785,-1.1738144824687851
11,178,62,57.470967288673151,4.5290327113268489
11,179,61,54.964649246670405,6.0353507533295954
11,180,60,53.979048324244879,6.0209516757551214
11,181,59,61.393538603974953,-2.3935386039749531
11,182,58,58.946503251439459,-0.94650325143945935
11,183,57,59.89156529004142,-2.8915652900414202
11,184,56,60.589524370570111,-4.5895243705701105
11,185,55,58.257262227792637,-3.2572622277926371
11,186,54,57.544357343880627,-3.5443573438806268
11,187,53,65.680799475881372,-12.680799475881372
11,188,52,46.866363029741926,5.133636970258074
11,189,51,46.268953164011037,4.7310468359889626
11,190,50,46.810254711376238,3.1897452886237616
11,191,49,47.893605782016365,1.1063942179836346
11,192,48,47.350097266350843,0.64990273364915652
11,193,47,50.860410826476802,-3.8604108264768016
11,194,46,47.073084701691513,-1.0730847016915135
11,195,45,43.684829151637977,1.3151708483620226
11,196,44,42.41154686321601,1.5884531367839898
11,197,43,45.389233122759386,-2.3892331227593857
11,198,42,42.508485661406013,-0.50848566140601292
11,199,41,41.897667641024064,-0.89766764102406427
11,200,40,44.174856159881195,-4.1748561598811946
11,201,39,45.006968172555212,-6.0069681725552115
11,202,38,40.272259790518866,-2.2722597905188664
11,203,37,40.43236122912608,-3.4323612291260801
11,204,36,34.9588303408553,1.0411696591446997
11,205,35,33.005613429690492,1.9943865703095085
11,206,34,30.579045904661946,3.4209540953380539
11,207,33,28.794501059085391,4.2054989409146089
11,208,32,29.745513419618554,2.254486580381446
11,209,31,26.033304131413303,4.9666958685866973
11,210,30,22.111344211027173,7.8886557889728266
11,211,29,27.784438150009265,1.2155618499907348
11,212,28,27.601704054019748,0.39829594598025153
11,213,27,26.785515785895935,0.21448421410406482
11,214,26,25.349756043289496,0.65024395671050428
11,215,25,21.909287335587674,3.0907126644123259
11,216,24,21.140153651442944,2.8598463485570562
11,217,23,20.562803741671829,2.4371962583281714
11,218,22,20.003789266370106,1.9962107336298942
11,219,21,18.683387699221218,2.3166123007787824
11,220,20,17.147278073767378,2.852721926232622
11,221,19,20.033490681486001,-1.0334906814860005
11,222,18,21.290686166302464,-3.2906861663024642
11,223,17,22.577891517601724,-5.5778915176017243
11,224,16,17.662633972250834,-1.6626339722508341
11,225,15,14.428196418458183,0.57180358154181654
11,226,14,11.98173475629789,2.0182652437021105
11,227,13,11.328792187770116,1.6712078122298841
11,228,12,9.5290067828193354,2.4709932171806646
11,229,11,9.2589526525472383,1.7410473474527617
11,230,10,8.0210906558432491,1.9789093441567509
11,231,9,6.549250268893406,2.450749731106594
11,232,8,6.1541113841858657,1.8458886158141343
11,233,7,4.7962511657478677,2.2037488342521323
11,234,6,4.1706998283775141,1.8293001716224859
11,235,5,4.604596711903695,0.39540328809630498
11,236,4,4.9121376153306269,-0.91213761533062687
11,237,3,3.7609314510180409,-0.76093145101804094
11,238,2,4.0823381802620808,-2.0823381802620808
11,239,1,2.5877565509105476,-1.5877565509105476
11,240,0,2.4088599949067877,-2.4088599949067877
20,30,125,105.94001191744259,19.05998808255741
20,31,125,110.09755850531546,14.902441494684538
20,32,125,103.12643428318707,21.873565716812934
20,33,125,103.02262859562914,21.977371404370857
20,34,125,101.18403248321341,23.815967516786586
20,35,125,103.47445016605593,21.525549833944069
20,36,125,105.58946019929007,19.410539800709927
20,37,125,100.80853886161388,24.191461138386117
20,38,125,96.926861981263727,28.073138018736273
20,39,125,110.06388798042184,14.936112019578161
20,40,125,116.27284747195634,8.7271525280436606
20,41,125,116.08096455829708,8.919035441702917
20,42,125,113.49944741641845,11.500552583581552
20,43,125,119.28830534573292,5.7116946542670775
20,44,125,115.84134441541613,9.1586555845838689
20,45,125,111.36515769059395,13.634842309406054
20,46,125,117.27452186689769,7.7254781331023139
20,47,125,121.42492130919361,3.575078690806393
20,48,125,119.73264570050193,5.2673542994980664
20,49,125,113.27568046558534,11.724319534414661
20,50,125,115.03317630834297,9.9668236916570265
20,51,125,115.11095000948016,9.8890499905198368
20,52,125,115.05349935691639,9.9465006430836098
20,53,125,114.54390523803316,10.456094761966838
20,54,125,113.28005374367615,11.719946256323851
20,55,125,113.07235018808647,11.927649811913525
20,56,125,114.19794485550652,10.80205514449348
20,57,125,116.9083646572289,8.0916353427710987
20,58,125,115.86766351352203,9.1323364864779677
20,59,125,115.32822227707202,9.6717777229279847
20,60,125,106.88249377010688,18.117506229893124
20,61,125,111.05122637783583,13.948773622164168
20,62,125,108.28240681175221,16.71759318824779
20,63,125,107.44195156182536,17.558048438174637
20,64,125,108.74960103428263,16.250398965717366
20,65,125,110.67745723063162,14.322542769368383
20,66,125,111.70086510508366,13.299134894916335
20,67,125,107.31798112067027,17.682018879329732
20,68,125,107.43638321548947,17.563616784510529
20,69,125,110.61450860210296,14.385491397897042
20,70,125,109.18488420741416,15.815115792585843
20,71,125,112.85907691548429,12.140923084515705
20,72,125,110.5498294615463,14.450170538453705
20,73,125,115.12990017325819,9.8700998267418072
20,74,125,113.67831765084598,11.321682349154017
20,75,125,110.66829247375689,14.331707526243108
20,76,125,114.06800792769333,10.93199207230667
20,77,125,114.67680843598043,10.323191564019567
20,78,125,110.62381234247211,14.376187657527893
20,79,125,111.98597282066135,13.014027179338655
20,80,125,110.72678429911208,14.273215700887917
20,81,125,111.46997038040634,13.530029619593662
20,82,125,109.63388258732051,15.366117412679486
20,83,125,106.72145516786343,18.278544832136575
20,84,125,105.68567377333029,19.314326226669706
20,85,125,102.90690044556334,22.093099554436662
20,86,125,96.643636385498127,28.356363614501873
20,87,125,105.72237562638593,19.277624373614074
20,88,125,112.70123993476858,12.29876006523142
20,89,125,105.49538831977652,19.504611680223476
20,90,125,96.892611454923227,28.107388545076773
20,91,125,104.02585131728907,20.974148682710933
20,92,125,100.88512718307472,24.114872816925285
20,93,125,101.93398194809167,23.06601805190833
20,94,125,100.50185022411816,24.498149775881842
20,95,125,111.11401272188259,13.885987278117412
20,96,125,97.480816017673618,27.519183982326382
20,97,125,101.13897261100594,23.86102738899406
20,98,125,100.74180770733784,24.258192292662159
20,99,125,101.32363745673638,23.676362543263622
20,100,125,98.719900298025152,26.280099701974848
20,101,125,103.95816996190558,21.041830038094417
20,102,125,105.16748728192185,19.832512718078149
20,103,125,108.67392405006584,16.326075949934165
20,104,125,113.44147844576973,11.558521554230268
20,105,125,110.30012592260863,14.699874077391371
20,106,125,111.44736987521156,13.552630124788436
20,107,125,107.96100037554905,17.038999624450952
20,108,125,108.1121471509373,16.887852849062696
20,109,125,109.02394880996425,15.976051190035747
20,110,124,109.20863668307,14.791363316930003
20,111,123,108.86165842026358,14.138341579736419
20,112,122,105.30104983254611,16.698950167453887
20,113,121,104.63029484599346,16.369705154006539
20,114,120,107.03901493284964,12.960985067150361
20,115,119,108.88301843468193,10.116981565318071
20,116,118,102.18699623977241,15.813003760227588
20,117,117,105.84062252217161,11.159377477828386
20,118,116,102.6480330551025,13.351966944897498
20,119,115,105.32653672203388,9.6734632779661212
20,120,114,103.30302494639099,10.696975053609009
20,121,113,103.23935728917699,9.7606427108230065
20,122,112,101.85240750518675,10.147592494813253
20,123,111,99.576009172745813,11.423990827254187
20,124,110,100.53241242447814,9.4675875755218613
20,125,109,103.13890248988709,5.8610975101129128
20,126,108,111.44404654452981,-3.4440465445298116
20,127,107,107.64611977103127,-0.64611977103126605
20,128,106,100.1447852088704,5.8552147911295975
20,129,105,111.27197190698162,-6.2719719069816193
20,130,104,106.54312288368702,-2.543122883687019
20,131,103,102.44562437986777,0.55437562013223385
20,132,102,99.757094583881923,2.2429054161180773
20,133,101,101.87368555184008,-0.87368555184008301
20,134,100,107.94429676156533,-7.9442967615653259
20,135,99,107.99801965438176,-8.9980196543817641
20,136,98,110.10751771091685,-12.107517710916852
20,137,97,106.24085105826273,-9.2408510582627343
20,138,96,109.58943277016338,-13.589432770163384
20,139,95,106.73537677123866,-11.735376771238663
20,140,94,107.51315153988753,-13.513151539887531
20,141,93,105.51844779160065,-12.51844779160065
20,142,92,104.97424903478637,-12.974249034786368
20,143,91,100.3553667883677,-9.3553667883677036
20,144,90,96.747440886681701,-6.7474408866817015
20,145,89,99.816566868788939,-10.816566868788939
20,146,88,97.875118713988783,-9.8751187139887833
20,147,87,102.92230619644351,-15.922306196443515
20,148,86,98.922554658777926,-12.922554658777926
20,149,85,107.00595564288642,-22.00595564288642
20,150,84,102.93259906757098,-18.932599067570976
20,151,83,102.79514714591608,-19.795147145916076
20,152,82,94.984190306232009,-12.984190306232009
20,153,81,93.68859838180515,-12.68859838180515
20,154,80,102.81237740651426,-22.812377406514258
20,155,79,98.907396938153823,-19.907396938153823
20,156,78,77.467786752909532,0.53221324709046769
20,157,77,83.084869778388054,-6.0848697783880539
20,158,76,81.511786399947681,-5.511786399947681
20,159,75,80.730483263020403,-5.7304832630204032
20,160,74,69.628256331599417,4.3717436684005833
20,161,73,69.478436272929429,3.5215637270705713
20,162,72,58.336280900087544,13.663719099912456
20,163,71,52.02862009028987,18.97137990971013
20,164,70,58.573800408100446,11.426199591899554
20,165,69,60.969518396485761,8.0304816035142395
20,166,68,58.093534259593007,9.9064657404069933
20,167,67,65.715930169045308,1.2840698309546923
20,168,66,61.360383440876802,4.6396165591231977
20,169,65,57.743619805252699,7.256380194747301
20,170,64,63.530049227202106,0.46995077279789399
20,171,63,60.391915853368872,2.6080841466311284
20,172,62,62.613397429826769,-0.61339742982676881
20,173,61,64.262991616661438,-3.2629916166614379
20,174,60,62.370555771848579,-2.3705557718485792
20,175,59,62.337594387142055,-3.3375943871420546
20,176,58,51.352777248241942,6.6472227517580578
20,177,57,54.776987096461646,2.2230129035383541
20,178,56,61.657957112768329,-5.6579571127683295
20,179,55,60.600215515705848,-5.6002155157058482
20,180,54,60.213105903283385,-6.2131059032833846
20,181,53,62.542635833876616,-9.5426358338766164
20,182,52,62.766826062423355,-10.766826062423355
20,183,51,64.53816033724361,-13.53816033724361
20,184,50,62.456216491860737,-12.456216491860737
20,185,49,59.203123989837486,-10.203123989837486
20,186,48,57.476598897318965,-9.476598897318965
20,187,47,56.958135475647374,-9.9581354756473743
20,188,46,49.519807042973937,-3.5198070429739374
20,189,45,49.139846087827067,-4.1398460878270669
20,190,44,47.140332743759458,-3.1403327437594584
20,191,43,45.224881035248636,-2.2248810352486359
20,192,42,42.315285790632586,-0.31528579063258633
20,193,41,37.871533406418948,3.1284665935810523
20,194,40,37.855645557434286,2.1443544425657137
20,195,39,41.218236702719665,-2.2182367027196648
20,196,38,37.154356566961013,0.84564343303898681
20,197,37,39.140937291489344,-2.1409372914893439
20,198,36,34.27441970419796,1.7255802958020396
20,199,35,31.941862491906559,3.0581375080934414
20,200,34,36.336381691915705,-2.3363816919157046
20,201,33,33.557297095444333,-0.55729709544433348
20,202,32,34.850757264086972,-2.8507572640869725
20,203,31,31.414334838329189,-0.41433483832918938
20,204,30,23.090380318152153,6.9096196818478468
20,205,29,23.775060785689131,5.2249392143108686
20,206,28,28.31024837468274,-0.31024837468273958
20,207,27,24.923248479166581,2.0767515208334189
20,208,26,23.679489518051511,2.3205104819484887
20,209,25,24.247744301641685,0.75225569835831507
20,210,24,24.369371527482301,-0.36937152748230062
20,211,23,22.904304195199376,0.095695804800623563
20,212,22,22.243366744494633,-0.24336674449463302
20,213,21,20.07046075807677,0.92953924192323001
20,214,20,20.368928156154169,-0.36892815615416907
20,215,19,14.344532606629805,4.6554673933701949
20,216,18,11.150170347809214,6.8498296521907864
20,217,17,12.182330270992017,4.8176697290079833
20,218,16,10.94413186631067,5.0558681336893301
20,219,15,10.056706747564183,4.9432932524358169
20,220,14,12.586268352080335,1.4137316479196649
20,221,13,14.073690923056201,-1.0736909230562013
20,222,12,14.735326318935158,-2.735326318935158
20,223,11,11.042053608895865,-0.042053608895864514
20,224,10,13.77394574438854,-3.7739457443885396
20,225,9,11.359696783661839,-2.359696783661839
20,226,8,10.445189514340704,-2.4451895143407043
20,227,7,9.7857234855449136,-2.7857234855449136
20,228,6,9.450557546166694,-3.450557546166694
20,229,5,7.2187542727131513,-2.2187542727131513
20,230,4,9.6864122461374489,-5.6864122461374489
20,231,3,4.8024728723877246,-1.8024728723877246
20,232,2,3.7645122153577617,-1.7645122153577617
20,233,1,0.98868387923473655,0.011316120765263449
20,234,0,0.38905062825156367,-0.38905062825156367
24,30,117,112.12376929618188,4.8762307038181234
24,31,116,115.21064497038476,0.78935502961523696
24,32,115,116.43655013133855,-1.4365501313385494
24,33,114,114.96959320237421,-0.96959320237421309
24,34,113,114.41373372420415,-1.4137337242041497
24,35,112,115.39561596731498,-3.3956159673149813
24,36,111,118.0579336744733,-7.0579336744733041
24,37,110,121.31483955002349,-11.314839550023493
24,38,109,120.31583223709733,-11.315832237097325
24,39,108,118.77561117675869,-10.775611176758687
24,40,107,119.91864842752737,-12.918648427527373
24,41,106,120.39740594880902,-14.397405948809023
24,42,105,120.47994986871157,-15.479949868711572
24,43,104,118.60879329938827,-14.608793299388267
24,44,103,118.07286242874017,-15.072862428740166
24,45,102,122.68845905315436,-20.688459053154361
24,46,101,119.49187544103917,-18.49187544103917
24,47,100,117.62978474887528,-17.629784748875281
24,48,99,120.16235800177533,-21.162358001775331
24,49,98,118.35778529518787,-20.357785295187867
24,50,97,119.46996770330932,-22.469967703309322
24,51,96,118.06486368942417,-22.064863689424172
24,52,95,114.9848739915757,-19.984873991575697
24,53,94,111.34153188685382,-17.341531886853815
24,54,93,114.69128862024074,-21.691288620240741
24,55,92,112.48769737477113,-20.48769737477113
24,56,91,107.02206782055154,-16.022067820551541
24,57,90,101.26865624026163,-11.268656240261635
24,58,89,100.63411138774013,-11.634111387740134
24,59,88,102.63336025218115,-14.633360252181149
24,60,87,99.969781597939502,-12.969781597939502
24,61,86,97.466939060808087,-11.466939060808087
24,62,85,92.026072451577903,-7.0260724515779032
24,63,84,89.973239291924145,-5.9732392919241448
24,64,83,88.784008258041482,-5.7840082580414816
24,65,82,82.896095079612152,-0.89609507961215229
24,66,81,85.949122975557415,-4.9491229755574153
24,67,80,99.469272967610081,-19.469272967610081
24,68,79,93.363728941957234,-14.363728941957234
24,69,78,98.04255773030421,-20.04255773030421
24,70,77,88.501544636325818,-11.501544636325818
24,71,76,90.451999883768238,-14.451999883768238
24,72,75,92.731834937161466,-17.731834937161466
24,73,74,90.369073497176345,-16.369073497176345
24,74,73,93.99844238464884,-20.99844238464884
24,75,72,109.01139669617562,-37.011396696175623
24,76,71,98.138536039577446,-27.138536039577446
24,77,70,94.761270114980917,-24.761270114980917
24,78,69,95.151802749083487,-26.151802749083487
24,79,68,102.76541417904564,-34.765414179045635
24,80,67,99.810246271186202,-32.810246271186202
24,81,66,104.05601716605219,-38.056017166052186
24,82,65,104.15326578056543,-39.153265780565434
24,83,64,101.27105046902929,-37.271050469029291
24,84,63,102.27578968645538,-39.275789686455383
24,85,62,104.11399362158528,-42.11399362158528
24,86,61,98.635785696596798,-37.635785696596798
24,87,60,92.914916152773756,-32.914916152773756
24,88,59,93.213813001139627,-34.213813001139627
24,89,58,109.23650697094061,-51.23650697094061
24,90,57,106.30503147964511,-49.305031479645109
24,91,56,94.816734848792194,-38.816734848792194
24,92,55,102.25385764632047,-47.253857646320469
24,93,54,90.513190910060374,-36.513190910060374
24,94,53,90.961431236659536,-37.961431236659536
24,95,52,79.121494923452303,-27.121494923452303
24,96,51,76.428357341274904,-25.428357341274904
24,97,50,75.715204705068643,-25.715204705068643
24,98,49,72.638405192848694,-23.638405192848694
24,99,48,71.814424056661537,-23.814424056661537
24,100,47,53.55734063559597,-6.5573406355959705
24,101,46,54.356050444411416,-8.3560504444114159
24,102,45,64.895168274089158,-19.895168274089158
24,103,44,68.540201817168807,-24.540201817168807
24,104,43,49.440005576163195,-6.4400055761631947
24,105,42,37.468917728312043,4.5310822716879571
24,106,41,36.327638080533141,4.6723619194668586
24,107,40,42.018614470679175,-2.0186144706791751
24,108,39,67.219471837846456,-28.219471837846456
24,109,38,64.68638995448579,-26.68638995448579
24,110,37,60.381623565030381,-23.381623565030381
24,111,36,62.161349750301589,-26.161349750301589
24,112,35,55.355044238531605,-20.355044238531605
24,113,34,66.017609148351198,-32.017609148351198
24,114,33,50.047110060800357,-17.047110060800357
24,115,32,52.074479846914365,-20.074479846914365
24,116,31,42.049885681158656,-11.049885681158656
24,117,30,39.323189871974016,-9.3231898719740158
24,118,29,37.226148578892271,-8.2261485788922712
24,119,28,37.359139683462487,-9.3591396834624874
24,120,27,35.531451461570974,-8.531451461570974
24,121,26,30.817051116526891,-4.8170511165268906
24,122,25,28.278294661727561,-3.2782946617275606
24,123,24,24.721767904769688,-0.72176790476968833
24,124,23,28.870041843472947,-5.8700418434729471
24,125,22,23.801942735885461,-1.8019427358854614
24,126,21,25.567854844882827,-4.5678548448828273
24,127,20,21.682526806971392,-1.6825268069713921
24,128,19,22.9299559893084,-3.9299559893084002
24,129,18,24.607711522897688,-6.6077115228976879
24,130,17,24.137839967036488,-7.1378399670364878
24,131,16,22.100649610987038,-6.1006496109870376
24,132,15,21.610136009170933,-6.6101360091709331
24,133,14,17.878630194812231,-3.8786301948122315
24,134,13,12.901910948824622,0.098089051175378472
24,135,12,12.064291903762038,-0.064291903762038416
24,136,11,10.701327570969974,0.29867242903002555
24,137,10,10.642819441444221,-0.64281944144422098
24,138,9,8.7674361523240218,0.23256384767597815
24,139,8,6.3679266883005505,1.6320733116994495
24,140,7,5.7733100442175225,1.2266899557824775
24,141,6,3.9890055721049147,2.0109944278950853
24,142,5,3.0288295406351877,1.9711704593648123
24,143,4,3.4359794603288565,0.56402053967114352
24,144,3,2.1493082434642696,0.85069175653573037
24,145,2,1.4353498691923781,0.56465013080762194
24,146,1,1.4579000019442538,-0.45790000194425384
24,147,0,1.1452701557439835,-1.1452701557439835
25,30,125,123.28920843484788,1.7107915651521211
25,31,125,123.31478778545763,1.6852122145423749
25,32,125,121.66691450488717,3.3330854951128259
25,33,125,124.63426940047283,0.36573059952716847
25,34,125,121.44133468148702,3.5586653185129791
25,35,125,123.40586971209986,1.5941302879001427
25,36,125,122.5894755303959,2.4105244696040984
25,37,125,123.97519551208801,1.0248044879119931
25,38,125,123.50725990563902,1.4927400943609825
25,39,125,118.11308234203852,6.8869176579614759
25,40,125,119.19979048481947,5.8002095151805264
25,41,125,119.92231664806263,5.0776833519373668
25,42,125,121.14533251796435,3.8546674820356515
25,43,125,117.97257680231655,7.0274231976834471
25,44,125,112.1415677546141,12.858432245385899
25,45,125,108.24634710103231,16.753652898967687
25,46,125,115.96792900203577,9.032070997964226
25,47,125,117.00960312640704,7.9903968735929567
25,48,125,112.11091397275193,12.889086027248069
25,49,125,112.22356899096147,12.776431009038532
25,50,125,114.72225184860946,10.27774815139054
25,51,125,114.145748999285,10.854251000714996
25,52,125,109.23012037890622,15.769879621093779
25,53,125,108.35101379342498,16.648986206575017
25,54,125,112.74314436913453,12.256855630865473
25,55,125,117.60809528789568,7.3919047121043207
25,56,125,118.0704107026628,6.929589297337202
25,57,125,121.42992548048527,3.5700745195147334
25,58,125,123.00257621140656,1.9974237885934372
25,59,125,121.95183461477544,3.0481653852245643
25,60,125,125,0
25,61,125,125,0
25,62,125,125,0
25,63,125,125,0
25,64,125,124.28466383261227,0.71533616738773276
25,65,125,124.21603907525717,0.78396092474282852
25,66,125,122.27171840263438,2.7282815973656227
25,67,125,121.42531541708148,3.5746845829185219
25,68,125,120.62495489133025,4.3750451086697524
25,69,125,117.9123094754277,7.0876905245722952
25,70,125,116.84035446085525,8.1596455391447478
25,71,125,113.51307312243027,11.486926877569729
25,72,125,120.53014234712882,4.469857652871184
25,73,125,119.6410181602359,5.3589818397640983
25,74,125,114.66998110492523,10.330018895074772
25,75,125,113.38181479897466,11.618185201025341
25,76,125,115.75440546132907,9.2455945386709288
25,77,125,114.80880482787408,10.191195172125916
25,78,125,111.5558072525512,13.444192747448795
25,79,125,115.44684103630891,9.5531589636910894
25,80,125,117.88326445863042,7.1167355413695788
25,81,125,118.07105741591758,6.9289425840824208
25,82,125,120.42577027389767,4.574229726102331
25,83,125,117.93124280113908,7.0687571988609221
25,84,125,112.90139135433631,12.098608645663688
25,85,125,114.97345507560856,10.026544924391445
25,86,125,112.4524156681169,12.547584331883101
25,87,125,116.90564120887532,8.0943587911246766
25,88,125,117.2165882791837,7.7834117208163036
25,89,125,113.09486232772807,11.905137672271934
25,90,125,117.57501947737768,7.4249805226223202
25,91,125,121.06943620132432,3.9305637986756778
25,92,125,101.80979258416347,23.190207415836525
25,93,125,114.07852561914301,10.921474380856992
25,94,125,113.68487969446518,11.315120305534819
25,95,125,117.72880111985104,7.2711988801489582
25,96,125,90.869393136134903,34.130606863865097
25,97,125,95.736230806958929,29.263769193041071
25,98,125,97.107300294102913,27.892699705897087
25,99,125,106.36357766037793,18.636422339622072
25,100,125,112.98854254388624,12.01145745611376
25,101,125,113.85890124646399,11.141098753536014
25,102,125,113.81590175083161,11.184098249168386
25,103,125,109.34530197147757,15.654698028522432
25,104,125,107.21696393954623,17.783036060453767
25,105,125,107.39355764633909,17.60644235366091
25,106,124,107.36033242351625,16.639667576483745
25,107,123,108.82837164860396,14.171628351396038
25,108,122,110.92543020483642,11.074569795163583
25,109,121,112.55995824992254,8.4400417500774552
25,110,120,117.13793333056498,2.8620666694350234
25,111,119,118.47652810086389,0.52347189913611203
25,112,118,120.27603277143461,-2.2760327714346147
25,113,117,120.19618205518613,-3.196182055186128
25,114,116,117.35900377403424,-1.3590037740342353
25,115,115,115.9403260825793,-0.94032608257930406
25,116,114,115.419849549216,-1.4198495492159964
25,117,113,116.07442661824018,-3.0744266182401816
25,118,112,118.60208633682029,-6.6020863368202924
25,119,111,113.48524474095241,-2.4852447409524103
25,120,110,116.05425051510693,-6.0542505151069292
25,121,109,110.56057113283487,-1.5605711328348661
25,122,108,106.77326823399842,1.2267317660015777
25,123,107,105.8845090536251,1.115490946374905
25,124,106,110.37738845296938,-4.3773884529693845
25,125,105,111.38413534340619,-6.3841353434061858
25,126,104,104.86716845427755,-0.86716845427754663
25,127,103,105.50854630388523,-2.5085463038852254
25,128,102,107.00287980072056,-5.0028798007205637
25,129,101,110.20792150487705,-9.2079215048770493
25,130,100,104.14660687190535,-4.1466068719053482
25,131,99,102.85229225080074,-3.852292250800744
25,132,98,104.65801288737005,-6.6580128873700488
25,133,97,102.91819134428438,-5.9181913442843808
25,134,96,100.50501304110955,-4.5050130411095495
25,135,95,95.27817126907118,-0.27817126907117995
25,136,94,100.9212021677119,-6.9212021677118969
25,137,93,99.591593794748832,-6.5915937947488317
25,138,92,102.96723078700266,-10.967230787002663
25,139,91,107.52236093371839,-16.522360933718389
25,140,90,107.77886551127106,-17.778865511271064
25,141,89,107.8147409104964,-18.814740910496397
25,142,88,105.31085152155008,-17.310851521550077
25,143,87,96.565381129820153,-9.5653811298201532
25,144,86,97.207795094930248,-11.207795094930248
25,145,85,96.671824154875054,-11.671824154875054
25,146,84,76.084922271359204,7.9150777286407958
25,147,83,67.680103311042544,15.319896688957456
25,148,82,70.722523765388488,11.277476234611512
25,149,81,68.729403173662462,12.270596826337538
25,150,80,69.657856770123885,10.342143229876115
25,151,79,72.495345498056992,6.5046545019430084
25,152,78,71.460495656708034,6.5395043432919664
25,153,77,72.939085134610082,4.0609148653899183
25,154,76,82.862845906642235,-6.8628459066422351
25,155,75,72.630743747929216,2.3692562520707838
25,156,74,74.267662788533201,-0.26766278853320102
25,157,73,76.183263297762537,-3.1832632977625366
25,158,72,67.184772654358682,4.8152273456413184
25,159,71,59.714529435155953,11.285470564844047
25,160,70,68.171684788969856,1.8283152110301444
25,161,69,72.760990521782219,-3.7609905217822188
25,162,68,72.731678624003834,-4.731678624003834
25,163,67,77.995471960150709,-10.995471960150709
25,164,66,66.009798956232004,-0.0097989562320037749
25,165,65,58.358328863525657,6.6416711364743435
25,166,64,61.648168675093807,2.3518313249061933
25,167,63,66.089058164577978,-3.0890581645779775
25,168,62,78.852748910033625,-16.852748910033625
25,169,61,70.747346202013475,-9.7473462020134747
25,170,60,64.071857516112644,-4.0718575161126438
25,171,59,65.657671662663034,-6.6576716626630343
25,172,58,61.078926341031519,-3.0789263410315186
25,173,57,60.473094754584601,-3.4730947545846007
25,174,56,61.256264780718588,-5.2562647807185883
25,175,55,68.700970859605022,-13.700970859605022
25,176,54,67.178740004343553,-13.178740004343553
25,177,53,67.212335685461966,-14.212335685461966
25,178,52,60.36964591122166,-8.3696459112216601
25,179,51,57.733434601158514,-6.733434601158514
25,180,50,57.502672201760639,-7.5026722017606389
25,181,49,47.89487557209187,1.1051244279081303
25,182,48,50.079338317634026,-2.0793383176340257
25,183,47,47.742415490822907,-0.74241549082290703
25,184,46,45.273151567659575,0.72684843234042518
25,185,45,41.05546935032384,3.9445306496761603
25,186,44,41.595851773782101,2.4041482262178988
25,187,43,43.669049949474712,-0.66904994947471152
25,188,42,39.257204620268872,2.7427953797311275
25,189,41,34.982612279190519,6.0173877208094808
25,190,40,35.584600339975886,4.4153996600241143
25,191,39,33.236479389417518,5.7635206105824821
25,192,38,29.922362498571029,8.0776375014289705
25,193,37,29.281259579916217,7.7187404200837832
25,194,36,26.247986091772983,9.752013908227017
25,195,35,23.999091598269558,11.000908401730442
25,196,34,21.809178329839177,12.190821670160823
25,197,33,22.149609172040208,10.850390827959792
25,198,32,24.295876282191507,7.7041237178084927
25,199,31,23.629482796100863,7.3705172038991371
25,200,30,24.620585691962013,5.3794143080379868
25,201,29,22.824353136209478,6.1756468637905222
25,202,28,22.259930427815007,5.7400695721849928
25,203,27,22.073731165284887,4.9262688347151133
25,204,26,25.303279824841486,0.69672017515851437
25,205,25,22.291592695709213,2.7084073042907875
25,206,24,23.835735111211541,0.16426488878845902
25,207,23,21.125201834878734,1.8747981651212662
25,208,22,20.3868626418224,1.6131373581775996
25,209,21,20.555815711693075,0.44418428830692491
25,210,20,18.618537108266263,1.3814628917337366
25,211,19,17.952949645341135,1.0470503546588645
25,212,18,15.945265650198927,2.0547343498010733
25,213,17,15.076449166757437,1.9235508332425635
25,214,16,15.287538014221408,0.71246198577859232
25,215,15,10.798864960573635,4.2011350394263651
25,216,14,11.628470421039458,2.3715295789605424
25,217,13,11.42198741830342,1.57801258169658
25,218,12,12.902461308206474,-0.9024613082064743
25,219,11,10.088383667241864,0.91161633275813614
25,220,10,9.1311255590514513,0.86887444094854871
25,221,9,10.514026394804036,-1.514026394804036
25,222,8,6.7206321881123232,1.2793678118876768
25,223,7,5.7799836204235131,1.2200163795764869
25,224,6,4.1485503266075465,1.8514496733924535
25,225,5,3.6437277569961974,1.3562722430038026
25,226,4,3.5641428074963009,0.43585719250369914
25,227,3,4.6666756756383885,-1.6666756756383885
25,228,2,2.3156319263059801,-0.31563192630598014
25,229,1,1.8620780708741531,-0.86207807087415311
25,230,0,1.1476267622500658,-1.1476267622500658
27,30,125,106.00316757139727,18.99683242860273
27,31,125,105.36426235625248,19.635737643747518
27,32,124,106.39285037585935,17.607149624140646
27,33,123,102.50007509795219,20.499924902047809
27,34,122,102.6865128241692,19.313487175830801
27,35,121,106.30462579497519,14.695374205024805
27,36,120,107.46501455402351,12.534985445976488
27,37,119,108.09027031719343,10.909729682806571
27,38,118,113.81973207697965,4.1802679230203523
27,39,117,113.08259611048227,3.917403889517729
27,40,116,113.68334687990759,2.3166531200924112
27,41,115,110.23525805102113,4.764741948978866
27,42,114,111.12233021366852,2.8776697863314809
27,43,113,108.75880629600699,4.2411937039930052
27,44,112,111.20016517417324,0.79983482582676402
27,45,111,106.64129337062921,4.3587066293707863
27,46,110,109.17606287509223,0.82393712490777204
27,47,109,109.2800093816611,-0.28000938166110245
27,48,108,111.19937098506409,-3.1993709850640926
27,49,107,104.97982214493733,2.0201778550626699
27,50,106,90.099561333580723,15.900438666419277
27,51,105,91.490058993572433,13.509941006427567
27,52,104,79.821718035729702,24.178281964270298
27,53,103,83.134794676545525,19.865205323454475
27,54,102,88.945441366282168,13.054558633717832
27,55,101,83.49419685730679,17.50580314269321
27,56,100,83.510125529478714,16.489874470521286
27,57,99,76.960421307695512,22.039578692304488
27,58,98,78.713382804542348,19.286617195457652
27,59,97,81.681765914232756,15.318234085767244
27,60,96,81.16961742508164,14.83038257491836
27,61,95,79.604223940878114,15.395776059121886
27,62,94,87.302351185392396,6.6976488146076036
27,63,93,91.167576907657789,1.8324230923422107
27,64,92,95.006630848097046,-3.0066308480970463
27,65,91,91.268617651588798,-0.26861765158879791
27,66,90,100.29117197171892,-10.291171971718924
27,67,89,101.32994309721356,-12.329943097213558
27,68,88,107.43693220549544,-19.436932205495438
27,69,87,112.21166619395345,-25.211666193953448
27,70,86,105.75386170187558,-19.753861701875579
27,71,85,103.59252169283518,-18.592521692835177
27,72,84,101.85679021592838,-17.856790215928385
27,73,83,92.930654891189221,-9.9306548911892207
27,74,82,99.035704084871668,-17.035704084871668
27,75,81,99.968484688886974,-18.968484688886974
27,76,80,100.90448503975709,-20.904485039757091
27,77,79,103.60183443362658,-24.601834433626578
27,78,78,104.69218562590363,-26.692185625903633
27,79,77,98.060991773624551,-21.060991773624551
27,80,76,93.108227349811855,-17.108227349811855
27,81,75,99.804054542445186,-24.804054542445186
27,82,74,90.893435432793893,-16.893435432793893
27,83,73,93.361368757288659,-20.361368757288659
27,84,72,89.069747785254407,-17.069747785254407
27,85,71,79.842588244359874,-8.8425882443598738
27,86,70,90.324960075314479,-20.324960075314479
27,87,69,84.742013641259675,-15.742013641259675
27,88,68,85.374499538545592,-17.374499538545592
27,89,67,86.292776122193672,-19.292776122193672
27,90,66,79.394502737736275,-13.394502737736275
27,91,65,67.507665578839465,-2.5076655788394646
27,92,64,65.191674134540662,-1.1916741345406621
27,93,63,70.439052779011988,-7.4390527790119876
27,94,62,69.388488535555453,-7.388488535555453
27,95,61,67.223459496585633,-6.2234594965856331
27,96,60,68.429118989905689,-8.4291189899056889
27,97,59,63.534869642988674,-4.5348696429886743
27,98,58,56.564831649030538,1.4351683509694624
27,99,57,57.256804434223255,-0.25680443422325538
27,100,56,57.441195073828354,-1.4411950738283537
27,101,55,62.239404373169407,-7.2394043731694069
27,102,54,56.337539847521874,-2.3375398475218745
27,103,53,51.837528238205266,1.162471761794734
27,104,52,63.058674409958861,-11.058674409958861
27,105,51,68.151755686218792,-17.151755686218792
27,106,50,59.853235112147871,-9.8532351121478712
27,107,49,63.664960634787235,-14.664960634787235
27,108,48,58.204425418277935,-10.204425418277935
27,109,47,59.51989316222059,-12.51989316222059
27,110,46,59.555615134537312,-13.555615134537312
27,111,45,59.611605774978138,-14.611605774978138
27,112,44,44.406594139018885,-0.40659413901888541
27,113,43,44.171997371672703,-1.1719973716727026
27,114,42,46.534441516616972,-4.5344415166169725
27,115,41,45.566150754921566,-4.5661507549215656
27,116,40,45.592127949074026,-5.5921279490740261
27,117,39,45.296839429315021,-6.2968394293150212
27,118,38,46.166575655660367,-8.1665756556603668
27,119,37,42.200521485673818,-5.2005214856738178
27,120,36,40.306568652949693,-4.3065686529496929
27,121,35,42.975691107997797,-7.9756911079977968
27,122,34,39.539155357681707,-5.5391553576817074
27,123,33,39.056747315500481,-6.0567473155004805
27,124,32,39.977346789584587,-7.9773467895845869
27,125,31,42.85432087766096,-11.85432087766096
27,126,30,41.539145294595343,-11.539145294595343
27,127,29,33.387935108489145,-4.3879351084891454
27,128,28,30.160964472189129,-2.1609644721891286
27,129,27,30.897400269480894,-3.8974002694808938
27,130,26,34.756757317030846,-8.7567573170308464
27,131,25,33.299954652314923,-8.2999546523149235
27,132,24,32.691400971854165,-8.6914009718541649
27,133,23,28.072355359648146,-5.0723553596481459
27,134,22,29.415038257406632,-7.415038257406632
27,135,21,32.320133158891146,-11.320133158891146
27,136,20,27.511935447855144,-7.5119354478551443
27,137,19,22.524832832573942,-3.5248328325739422
27,138,18,25.724459554591398,-7.7244595545913981
27,139,17,20.289018038160883,-3.2890180381608829
27,140,16,19.434402054737568,-3.4344020547375678
27,141,15,22.991829577770993,-7.9918295777709929
27,142,14,13.697120289988904,0.30287971001109604
27,143,13,8.5413626929114486,4.4586373070885514
27,144,12,7.9201693706992682,4.0798306293007318
27,145,11,6.2659073729445627,4.7340926270554373
27,146,10,9.0960450117133806,0.90395498828661935
27,147,9,6.637460141498793,2.362539858501207
27,148,8,5.0230280944177901,2.9769719055822099
27,149,7,4.8391081455411706,2.1608918544588294
27,150,6,4.35817811790508,1.64182188209492
27,151,5,3.990880155810562,1.009119844189438
27,152,4,4.0015123243826745,-0.001512324382674457
27,153,3,2.8484719561919074,0.15152804380809259
27,154,2,1.7924941131575922,0.20750588684240778
27,155,1,1.9353515930604051,-0.93535159306040505
27,156,0,1.7023227591999892,-1.7023227591999892
33,30,125,124.20892082523767,0.79107917476233069
33,31,125,125,0
33,32,125,125,0
33,33,125,125,0
33,34,125,125,0
33,35,125,124.95560938503121,0.044390614968790487
33,36,125,124.52459991790388,0.47540008209611528
33,37,125,125,0
33,38,125,123.79165972271909,1.2083402772809109
33,39,125,124.79392804349958,0.20607195650042343
33,40,125,125,0
33,41,125,125,0
33,42,125,123.96693069451835,1.0330693054816464
33,43,125,124.8526532792789,0.147346720721103
33,44,125,124.65549670159628,0.34450329840372262
33,45,125,125,0
33,46,125,125,0
33,47,125,124.3129195462791,0.68708045372089543
33,48,125,121.9439630664624,3.0560369335375981
33,49,125,123.1421163096639,1.8578836903360951
33,50,125,121.27918737567362,3.7208126243263848
33,51,125,121.76845345324791,3.2315465467520852
33,52,125,120.46215626159456,4.5378437384054422
33,53,125,120.75751127328326,4.2424887267167435
33,54,125,121.35313579099981,3.646864209000185
33,55,125,119.5843455111426,5.415654488857399
33,56,125,121.87779401554555,3.1222059844544532
33,57,125,123.30551906902545,1.6944809309745494
33,58,125,122.90040626636993,2.0995937336300727
33,59,125,123.09620314121001,1.9037968587899883
33,60,125,122.3471973691547,2.6528026308453008
33,61,125,122.05806827090389,2.9419317290961118
33,62,125,121.16371962129389,3.8362803787061068
33,63,125,123.04904714702734,1.9509528529726623
33,64,125,124.26948047742535,0.73051952257465302
33,65,125,120.99977077367163,4.0002292263283721
33,66,125,121.01466190340359,3.9853380965964078
33,67,125,117.73009058358213,7.2699094164178746
33,68,125,117.22739663252398,7.7726033674760231
33,69,125,117.27479899422886,7.7252010057711402
33,70,125,117.31768061279756,7.6823193872024405
33,71,125,117.44642922626973,7.5535707737302715
33,72,125,122.40575049126021,2.594249508739793
33,73,125,119.51572440070565,5.4842755992943495
33,74,125,122.41783055910319,2.5821694408968057
33,75,125,120.98068988302732,4.0193101169726759
33,76,124,121.52292992391195,2.4770700760880544
33,77,123,122.38763707806648,0.61236292193352426
33,78,122,122.40705005798735,-0.40705005798734817
33,79,121,119.55657804269518,1.443421957304821
33,80,120,116.85614581896752,3.1438541810324807
33,81,119,118.69193931818901,0.30806068181098567
33,82,118,118.92168557718534,-0.92168557718534316
33,83,117,121.14022457663749,-4.1402245766374932
33,84,116,122.2892866171595,-6.2892866171595045
33,85,115,118.94018575864379,-3.9401857586437927
33,86,114,122.21220301216458,-8.2122030121645793
33,87,113,122.88069100470565,-9.8806910047056533
33,88,112,123.68874012891412,-11.68874012891412
33,89,111,121.57463380894364,-10.574633808943645
33,90,110,120.81918206982969,-10.819182069829694
33,91,109,121.18738316235341,-12.187383162353413
33,92,108,117.27699869358777,-9.2769986935877711
33,93,107,118.09656471048076,-11.096564710480763
33,94,106,115.72997885886846,-9.7299788588684635
33,95,105,115.56904056719343,-10.569040567193426
33,96,104,116.91086266124158,-12.91086266124158
33,97,103,115.12878491183774,-12.128784911837741
33,98,102,115.30976945352114,-13.309769453521142
33,99,101,109.47872474685887,-8.4787247468588731
33,100,100,98.529917501876326,1.4700824981236735
33,101,99,95.944973535320557,3.0550264646794432
33,102,98,98.411403271412752,-0.41140327141275179
33,103,97,101.93802389286874,-4.9380238928687419
33,104,96,97.427087601920022,-1.4270876019200216
33,105,95,103.58087583781533,-8.5808758378153271
33,106,94,100.23691508557205,-6.2369150855720505
33,107,93,100.29110502900033,-7.2911050290003345
33,108,92,92.832478595873908,-0.83247859587390849
33,109,91,98.786352010806198,-7.7863520108061977
33,110,90,101.1515140063965,-11.151514006396496
33,111,89,87.562734716192438,1.4372652838075624
33,112,88,95.147834853570956,-7.1478348535709557
33,113,87,110.10038340495973,-23.100383404959729
33,114,86,112.78798101641966,-26.787981016419664
33,115,85,110.09471352740105,-25.094713527401055
33,116,84,102.09819474260779,-18.098194742607788
33,117,83,102.08457460245644,-19.084574602456442
33,118,82,103.88757452662479,-21.887574526624789
33,119,81,98.90146926050555,-17.90146926050555
33,120,80,107.13336880718758,-27.13336880718758
33,121,79,104.30743075769028,-25.307430757690284
33,122,78,100.1677839420672,-22.167783942067203
33,123,77,86.565048288801307,-9.5650482888013073
33,124,76,84.444458151025543,-8.4444581510255432
33,125,75,87.101792324829987,-12.101792324829987
33,126,74,92.017550311548945,-18.017550311548945
33,127,73,78.191257232336511,-5.1912572323365112
33,128,72,87.616218134532375,-15.616218134532375
33,129,71,78.643098250996857,-7.6430982509968572
33,130,70,92.115080155246346,-22.115080155246346
33,131,69,88.406892737159765,-19.406892737159765
33,132,68,94.579202655543895,-26.579202655543895
33,133,67,95.70822332608644,-28.70822332608644
33,134,66,72.220974946368443,-6.2209749463684432
33,135,65,59.02135503030825,5.9786449696917501
33,136,64,46.785953165627582,17.214046834372418
33,137,63,54.422224851320877,8.5777751486791232
33,138,62,68.601782263363376,-6.6017822633633756
33,139,61,64.985342363857143,-3.9853423638571428
33,140,60,61.832142864935633,-1.8321428649356335
33,141,59,58.639171678148728,0.36082832185127245
33,142,58,56.503059622044461,1.4969403779555392
33,143,57,75.932589270419186,-18.932589270419186
33,144,56,65.8146874508829,-9.8146874508829001
33,145,55,58.693687651330194,-3.6936876513301939
33,146,54,65.514455847810979,-11.514455847810979
33,147,53,58.831016998425312,-5.8310169984253122
33,148,52,51.740650008181952,0.25934999181804841
33,149,51,48.392158908986382,2.6078410910136185
33,150,50,42.878453460677491,7.1215465393225088
33,151,49,45.367930225787397,3.6320697742126029
33,152,48,38.954567726680239,9.0454322733197614
33,153,47,36.847907590808049,10.152092409191951
33,154,46,35.942703239015607,10.057296760984393
33,155,45,37.333959399951681,7.6660406000483192
33,156,44,38.19949993918835,5.8005000608116504
33,157,43,34.60842826655184,8.3915717334481599
33,158,42,37.717744776316486,4.2822552236835136
33,159,41,38.400151464037918,2.5998485359620815
33,160,40,41.19792420735746,-1.1979242073574596
33,161,39,45.135241012135985,-6.1352410121359853
33,162,38,38.604292358736885,-0.60429235873688469
33,163,37,37.727283897909437,-0.72728389790943737
33,164,36,38.06204350523538,-2.0620435052353798
33,165,35,38.490651778300119,-3.4906517783001192
33,166,34,37.495963630058768,-3.4959636300587675
33,167,33,34.837141245880858,-1.8371412458808578
33,168,32,33.394447147869926,-1.3944471478699256
33,169,31,32.932210861356751,-1.9322108613567508
33,170,30,28.655250622424163,1.3447493775758375
33,171,29,28.141658561192941,0.85834143880705938
33,172,28,26.715871655781946,1.284128344218054
33,173,27,29.872595254677886,-2.8725952546778863
33,174,26,29.491798706128368,-3.4917987061283675
33,175,25,25.838628938727297,-0.83862893872729671
33,176,24,24.826232554983473,-0.82623255498347348
33,177,23,22.693450406034113,0.30654959396588666
33,178,22,22.946522474243523,-0.94652247424352254
33,179,21,23.683586247242097,-2.683586247242097
33,180,20,23.372250850700425,-3.372250850700425
33,181,19,20.144842353704696,-1.1448423537046963
33,182,18,17.64926553330967,0.35073446669033004
33,183,17,16.343429170408879,0.65657082959112145
33,184,16,18.920919720500255,-2.9209197205002546
33,185,15,15.152481959405749,-0.15248195940574938
33,186,14,20.465998596427156,-6.4659985964271556
33,187,13,17.804233400979818,-4.8042334009798182
33,188,12,19.341730903602929,-7.3417309036029295
33,189,11,14.371509684276147,-3.3715096842761465
33,190,10,12.555922298237308,-2.5559222982373075
33,191,9,13.998950731465598,-4.9989507314655981
33,192,8,9.652366563560232,-1.652366563560232
33,193,7,9.202843814791251,-2.202843814791251
33,194,6,8.489647117640267,-2.489647117640267
33,195,5,8.4690594459177539,-3.4690594459177539
33,196,4,6.7611565542079486,-2.7611565542079486
33,197,3,5.1719853925492361,-2.1719853925492361
33,198,2,4.4357189195001103,-2.4357189195001103
33,199,1,3.1394326568681468,-2.1394326568681468
33,200,0,2.2496710983669232,-2.2496710983669232
41,30,125,119.52205271622921,5.4779472837707885
41,31,125,121.20750230293534,3.7924976970646611
41,32,125,121.0854519658029,3.9145480341970966
41,33,125,121.02576807040663,3.9742319295933726
41,34,125,120.87839477584086,4.1216052241591399
41,35,125,119.86527634730841,5.1347236526915907
41,36,125,120.45496842715193,4.5450315728480746
41,37,125,120.20854976947081,4.7914502305291933
41,38,125,117.08407341957744,7.915926580422564
41,39,125,120.29330521674292,4.7066947832570776
41,40,125,123.4850785343608,1.5149214656392047
41,41,125,123.22163428684119,1.7783657131588058
41,42,125,123.25950057690524,1.7404994230947608
41,43,125,123.61448414073098,1.3855158592690202
41,44,125,123.65472121183092,1.3452787881690824
41,45,125,124.91102693325118,0.088973066748820884
41,46,125,122.27750074007866,2.7224992599213351
41,47,125,122.61928919319703,2.3807108068029663
41,48,125,122.03395655904163,2.9660434409583729
41,49,125,120.79022443812732,4.2097755618726751
41,50,125,119.47160639505039,5.5283936049496134
41,51,125,117.19129169379001,7.8087083062099936
41,52,125,116.142480950554,8.8575190494459974
41,53,125,117.10529924417376,7.8947007558262356
41,54,125,118.97218233127214,6.0278176687278631
41,55,125,121.5975432213496,3.4024567786504036
41,56,125,122.06246751193616,2.9375324880638374
41,57,125,118.61798079792362,6.3820192020763784
41,58,125,119.03570391586139,5.9642960841386099
41,59,125,114.56792187024625,10.432078129753748
41,60,125,114.98257709961004,10.01742290038996
41,61,125,118.19554553510727,6.8044544648927285
41,62,125,115.68575375587599,9.314246244124007
41,63,125,111.96581025294061,13.034189747059386
41,64,125,106.60852433258084,18.391475667419158
41,65,125,105.50248150875069,19.497518491249309
41,66,125,105.11800241969098,19.881997580309019
41,67,125,108.64617418687787,16.353825813122128
41,68,125,102.86331182598187,22.136688174018133
41,69,125,106.07363186515971,18.926368134840288
41,70,125,102.20299855882226,22.797001441177741
41,71,125,103.82863710285535,21.171362897144647
41,72,125,105.11086501521973,19.88913498478027
41,73,125,106.19461209952004,18.805387900479957
41,74,125,109.00985422113048,15.990145778869518
41,75,125,105.05132476188976,19.948675238110241
41,76,125,108.20974110843169,16.790258891568314
41,77,125,110.03973189068401,14.96026810931599
41,78,125,108.9787347903052,16.021265209694803
41,79,125,101.59034029615421,23.40965970384579
41,80,125,95.00014709700605,29.99985290299395
41,81,125,106.19881434465368,18.801185655346316
41,82,125,117.92924413153378,7.0707558684662217
41,83,125,109.5566316291056,15.443368370894405
41,84,125,107.360219928121,17.639780071879002
41,85,125,109.62775931722163,15.372240682778369
41,86,125,105.47467405784035,19.525325942159654
41,87,125,105.28903701487472,19.710962985125278
41,88,125,109.66426363462558,15.335736365374416
41,89,125,105.75866572862128,19.241334271378719
41,90,125,107.66696813743023,17.333031862569769
41,91,125,109.80637293205935,15.193627067940653
41,92,124,112.54744281975742,11.452557180242579
41,93,123,112.34676733963622,10.653232660363784
41,94,122,114.16962657327835,7.8303734267216498
41,95,121,118.14923117244942,2.8507688275505814
41,96,120,116.88519566852015,3.1148043314798457
41,97,119,118.04399091569132,0.95600908430867548
41,98,118,112.20576097750117,5.7942390224988287
41,99,117,110.29568533650634,6.7043146634936619
41,100,116,103.89419956944108,12.105800430558915
41,101,115,105.16773318489336,9.8322668151066352
41,102,114,101.33007556000136,12.669924439998638
41,103,113,99.272876946785118,13.727123053214882
41,104,112,108.39513658550888,3.6048634144911205
41,105,111,106.49945567293386,4.5005443270661374
41,106,110,105.24516474326424,4.7548352567357597
41,107,109,106.29314324983676,2.7068567501632401
41,108,108,112.71332056334194,-4.7133205633419379
41,109,107,104.30770455937127,2.6922954406287261
41,110,106,100.68779065043719,5.3122093495628064
41,111,105,99.261428045522251,5.7385719544777487
41,112,104,101.24998216449424,2.7500178355057585
41,113,103,82.691775149589162,20.308224850410838
41,114,102,98.91413699865501,3.0858630013449897
41,115,101,102.74895537440607,-1.7489553744060657
41,116,100,104.90815658872489,-4.9081565887248928
41,117,99,103.21482836077227,-4.2148283607722732
41,118,98,95.753889460323023,2.2461105396769767
41,119,97,102.2525217748689,-5.2525217748688959
41,120,96,104.02106383507009,-8.0210638350700947
41,121,95,109.26167938866502,-14.261679388665016
41,122,94,108.98533243387315,-14.985332433873154
41,123,93,105.42555035065864,-12.425550350658639
41,124,92,104.81934803777203,-12.819348037772031
41,125,91,105.08805389773133,-14.088053897731328
41,126,90,96.347384108695309,-6.3473841086953087
41,127,89,94.88562281875106,-5.8856228187510595
41,128,88,80.735400716181545,7.2645992838184554
41,129,87,90.836450629796204,-3.8364506297962038
41,130,86,90.896591811344692,-4.8965918113446918
41,131,85,88.594972156921244,-3.5949721569212443
41,132,84,87.193628463402177,-3.1936284634021774
41,133,83,88.3988129153024,-5.3988129153024005
41,134,82,86.972896936657122,-4.9728969366571221
41,135,81,81.91888433507323,-0.91888433507322986
41,136,80,77.343154621035595,2.6568453789644053
41,137,79,74.493099348710871,4.5069006512891292
41,138,78,80.242774675467018,-2.2427746754670181
41,139,77,74.678704965504039,2.3212950344959609
41,140,76,74.950152740480817,1.0498472595191828
41,141,75,73.530153698032279,1.4698463019677206
41,142,74,77.889558205290285,-3.8895582052902853
41,143,73,74.046177416709199,-1.0461774167091988
41,144,72,79.937410703795194,-7.9374107037951944
41,145,71,83.574367475669291,-12.574367475669291
41,146,70,76.615321493264759,-6.6153214932647586
41,147,69,80.537702349220311,-11.537702349220311
41,148,68,75.230128591870482,-7.2301285918704821
41,149,67,79.263106103946086,-12.263106103946086
41,150,66,67.901566249833436,-1.9015662498334365
41,151,65,63.851697221100373,1.1483027788996267
41,152,64,58.446075181543193,5.5539248184568066
41,153,63,51.244849893566055,11.755150106433945
41,154,62,51.096594209310155,10.903405790689845
41,155,61,54.506030038692302,6.4939699613076982
41,156,60,52.292636919086078,7.7073630809139217
41,157,59,55.228827050902467,3.771172949097533
41,158,58,53.278822439156166,4.7211775608438344
41,159,57,53.327521172601735,3.6724788273982654
41,160,56,53.6581966845959,2.3418033154040998
41,161,55,54.207887657571263,0.79211234242873729
41,162,54,45.462421762622526,8.537578237377474
41,163,53,46.983481166649192,6.0165188333508084
41,164,52,44.977346768778503,7.0226532312214971
41,165,51,46.118621200382258,4.8813787996177425
41,166,50,42.245775363537327,7.7542246364626735
41,167,49,45.278534874227496,3.7214651257725038
41,168,48,43.052509289602803,4.9474907103971972
41,169,47,40.816701087615606,6.1832989123843944
41,170,46,40.591731942260132,5.4082680577398676
41,171,45,44.211360265166462,0.78863973483353789
41,172,44,46.768148475246413,-2.7681484752464129
41,173,43,44.439057310762443,-1.4390573107624434
41,174,42,45.550967571558225,-3.5509675715582247
41,175,41,47.5531769825485,-6.5531769825485
41,176,40,48.28798060604872,-8.2879806060487198
41,177,39,45.965491367563367,-6.9654913675633665
41,178,38,49.393956501077319,-11.393956501077319
41,179,37,49.839593651230736,-12.839593651230736
41,180,36,43.587398707252213,-7.5873987072522127
41,181,35,43.667401224953359,-8.667401224953359
41,182,34,39.61854269254821,-5.6185426925482105
41,183,33,39.017256607386855,-6.0172566073868552
41,184,32,35.138114178043899,-3.1381141780438995
41,185,31,31.514536802436613,-0.51453680243661282
41,186,30,35.933225044914295,-5.9332250449142947
41,187,29,33.409970275761111,-4.4099702757611112
41,188,28,30.543921339707175,-2.5439213397071754
41,189,27,27.347019613898134,-0.34701961389813363
41,190,26,30.483006325391809,-4.4830063253918091
41,191,25,18.463988749316808,6.5360112506831918
41,192,24,19.829877812567887,4.1701221874321135
41,193,23,21.167238144402518,1.8327618555974823
41,194,22,19.949135902111557,2.0508640978884429
41,195,21,15.652844833651541,5.3471551663484593
41,196,20,16.339154334097266,3.660845665902734
41,197,19,16.632981529156464,2.3670184708435364
41,198,18,14.536267707994519,3.4637322920054814
41,199,17,17.466260249654876,-0.46626024965487645
41,200,16,13.608051414354637,2.3919485856453626
41,201,15,11.911875342435467,3.0881246575645331
41,202,14,14.03187932592434,-0.031879325924339952
41,203,13,14.409673552516134,-1.4096735525161339
41,204,12,10.769839827058776,1.2301601729412237
41,205,11,9.9877848970696235,1.0122151029303765
41,206,10,10.788198420528223,-0.78819842052822331
41,207,9,10.014967054368462,-1.0149670543684621
41,208,8,9.0189238949351491,-1.0189238949351491
41,209,7,9.9964610125542279,-2.9964610125542279
41,210,6,9.072166582408844,-3.072166582408844
41,211,5,6.9438900954195679,-1.9438900954195679
41,212,4,4.8332510612013913,-0.83325106120139125
41,213,3,4.4558127954030935,-1.4558127954030935
41,214,2,2.8143729148851331,-0.81437291488513308
41,215,1,1.2543091717626267,-0.25430917176262668
41,216,0,0.79346913692728782,-0.79346913692728782
43,30,125,125,0
43,31,125,124.54615359179236,0.45384640820763877
43,32,125,125,0
43,33,125,123.44043628211637,1.5595637178836341
43,34,125,125,0
43,35,125,124.84259550248092,0.15740449751908159
43,36,125,123.23853808930646,1.7614619106935407
43,37,125,123.65424296330242,1.3457570366975773
43,38,125,123.5006738487433,1.499326151256696
43,39,125,121.93312559597123,3.0668744040287663
43,40,125,120.26211381764858,4.7378861823514171
43,41,125,122.55088162684476,2.4491183731552439
43,42,125,115.51301759879152,9.4869824012084791
43,43,125,117.44131922148856,7.5586807785114445
43,44,125,118.52568070632849,6.4743192936715133
43,45,125,118.6920872732632,6.3079127267368023
43,46,125,116.51952721623155,8.4804727837684482
43,47,125,116.78767357586476,8.2123264241352416
43,48,125,114.80993646703418,10.190063532965823
43,49,125,113.08591670351572,11.914083296484279
43,50,125,114.37121526673592,10.628784733264084
43,51,125,109.16450563796404,15.835494362035959
43,52,125,109.21391379693327,15.786086203066731
43,53,125,113.66446730653045,11.335532693469546
43,54,125,116.425380184342,8.5746198156579965
43,55,125,114.21416147427594,10.78583852572406
43,56,125,106.48706134866548,18.512938651334522
43,57,125,107.91037007304895,17.089629926951048
43,58,125,113.90771605090447,11.092283949095531
43,59,125,112.23235117705178,12.767648822948217
43,60,125,112.66703659712951,12.33296340287049
43,61,125,113.52754853714141,11.472451462858587
43,62,125,116.8708785476942,8.129121452305796
43,63,125,114.89890311693075,10.101096883069246
43,64,125,116.18826831077823,8.811731689221773
43,65,125,118.48452621304688,6.5154737869531232
43,66,125,116.29977733712907,8.700222662870928
43,67,125,116.69592760382579,8.304072396174206
43,68,125,117.35388764711456,7.6461123528854387
43,69,125,118.80066175532484,6.199338244675161
43,70,125,112.9392139543247,12.0607860456753
43,71,125,111.71767891857471,13.282321081425295
43,72,125,111.98337455874039,13.016625441259606
43,73,125,111.01500231362732,13.984997686372679
43,74,125,114.3736121275567,10.626387872443303
43,75,125,113.41232690857335,11.587673091426652
43,76,125,113.97326893800776,11.026731061992237
43,77,125,114.85564458251726,10.144355417482743
43,78,125,113.92647936629149,11.073520633708512
43,79,125,103.33520029624823,21.664799703751768
43,80,125,102.32496405662893,22.675035943371071
43,81,125,101.14095717478546,23.859042825214544
43,82,125,110.63828850500597,14.361711494994026
43,83,124,103.39856698645941,20.601433013540586
43,84,123,106.84280512244112,16.157194877558879
43,85,122,107.99440359774437,14.005596402255634
43,86,121,107.68773588418311,13.312264115816888
43,87,120,112.44928257826274,7.5507174217372608
43,88,119,113.24672391214463,5.7532760878553688
43,89,118,111.87681586645429,6.1231841335457062
43,90,117,114.66124819349118,2.3387518065088244
43,91,116,111.7036936621196,4.2963063378803952
43,92,115,113.09565986968285,1.9043401303171521
43,93,114,116.33645696525161,-2.3364569652516138
43,94,113,120.23744496482553,-7.2374449648255279
43,95,112,124.04032989840928,-12.040329898409283
43,96,111,121.8682019959835,-10.868201995983497
43,97,110,120.89950038665638,-10.899500386656385
43,98,109,122.54904472724986,-13.549044727249864
43,99,108,123.09358671389877,-15.093586713898773
43,100,107,123.34265271153036,-16.342652711530363
43,101,106,122.06118287082148,-16.061182870821483
43,102,105,124.55297704213268,-19.552977042132682
43,103,104,124.75603224837602,-20.756032248376016
43,104,103,123.51390213705558,-20.513902137055581
43,105,102,123.05893909967224,-21.058939099672244
43,106,101,120.03182800194492,-19.031828001944916
43,107,100,119.76934972755141,-19.769349727551415
43,108,99,113.6030643630744,-14.603064363074395
43,109,98,103.50962230714343,-5.5096223071434309
43,110,97,109.18901468085981,-12.189014680859813
43,111,96,105.22715858644881,-9.2271585864488088
43,112,95,108.34700602509955,-13.347006025099546
43,113,94,105.98011310997055,-11.980113109970546
43,114,93,103.58379470543105,-10.583794705431046
43,115,92,100.04871805870539,-8.0487180587053899
43,116,91,87.145474966936135,3.8545250330638652
43,117,90,83.21354642162386,6.7864535783761397
43,118,89,88.362307842900833,0.63769215709916693
43,119,88,95.840364154628148,-7.8403641546281477
43,120,87,93.585544844116924,-6.5855448441169244
43,121,86,92.047903639063577,-6.047903639063577
43,122,85,93.462738649110491,-8.4627386491104915
43,123,84,92.985648489350837,-8.9856484893508366
43,124,83,91.163142084389975,-8.1631420843899747
43,125,82,99.223648810964335,-17.223648810964335
43,126,81,101.13379872618034,-20.133798726180345
43,127,80,93.466086496173546,-13.466086496173546
43,128,79,94.805533627932974,-15.805533627932974
43,129,78,99.865344880368909,-21.865344880368909
43,130,77,96.065854927700173,-19.065854927700173
43,131,76,94.917797264676253,-18.917797264676253
43,132,75,91.427748551766697,-16.427748551766697
43,133,74,101.48416874404123,-27.484168744041227
43,134,73,109.50063617620819,-36.500636176208189
43,135,72,100.11427274751576,-28.114272747515756
43,136,71,88.145672851188735,-17.145672851188735
43,137,70,91.540173106646748,-21.540173106646748
43,138,69,81.262729171792103,-12.262729171792103
43,139,68,68.760708054447335,-0.7607080544473348
43,140,67,71.521033702661697,-4.5210337026616969
43,141,66,76.788160600081454,-10.788160600081454
43,142,65,84.173120536417386,-19.173120536417386
43,143,64,69.701252557669804,-5.7012525576698039
43,144,63,66.41330274628173,-3.4133027462817296
43,145,62,71.007400376271747,-9.0074003762717467
43,146,61,66.226060285821347,-5.2260602858213474
43,147,60,63.882702776045754,-3.882702776045754
43,148,59,71.486823342077116,-12.486823342077116
43,149,58,78.620774803499657,-20.620774803499657
43,150,57,85.293991266178168,-28.293991266178168
43,151,56,78.987079826662864,-22.987079826662864
43,152,55,73.212404869900695,-18.212404869900695
43,153,54,67.694961457929438,-13.694961457929438
43,154,53,65.113542535318501,-12.113542535318501
43,155,52,52.825196462378194,-0.82519646237819444
43,156,51,62.935090710898081,-11.935090710898081
43,157,50,71.356597044637084,-21.356597044637084
43,158,49,70.227177645055932,-21.227177645055932
43,159,48,78.507123500280997,-30.507123500280997
43,160,47,71.626045695252159,-24.626045695252159
43,161,46,69.759908704758857,-23.759908704758857
43,162,45,82.649348376476368,-37.649348376476368
43,163,44,73.714129685261284,-29.714129685261284
43,164,43,87.890624349019319,-44.890624349019319
43,165,42,62.055968978894725,-20.055968978894725
43,166,41,90.347537596037355,-49.347537596037355
43,167,40,91.962976800934456,-51.962976800934456
43,168,39,42.922980977535794,-3.9229809775357936
43,169,38,37.882178637283054,0.11782136271694554
43,170,37,35.816141541578624,1.1838584584213763
43,171,36,33.085305203305502,2.9146947966944978
43,172,35,31.900794816709514,3.0992051832904863
43,173,34,30.150933502472739,3.8490664975272608
43,174,33,28.070906402535282,4.9290935974647176
43,175,32,27.451338302208509,4.5486616977914913
43,176,31,24.962321825764761,6.0376781742352392
43,177,30,22.719770262875425,7.280229737124575
43,178,29,20.223610594195637,8.7763894058043626
43,179,28,19.195975590214502,8.8040244097854981
43,180,27,22.756131027799771,4.2438689722002287
43,181,26,21.671765698603359,4.3282343013966411
43,182,25,21.370280218406176,3.629719781593824
43,183,24,20.529440946280079,3.4705590537199207
43,184,23,19.899625328713345,3.1003746712866551
43,185,22,17.796391808265003,4.2036081917349968
43,186,21,18.743149542743296,2.2568504572567036
43,187,20,19.6581691591721,0.34183084082789961
43,188,19,17.85334090775812,1.1466590922418796
43,189,18,14.939166243850584,3.0608337561494157
43,190,17,14.322382824524771,2.6776171754752287
43,191,16,13.384320819116432,2.6156791808835678
43,192,15,13.245887417419439,1.7541125825805608
43,193,14,12.028976246322511,1.9710237536774891
43,194,13,9.719085309807415,3.280914690192585
43,195,12,10.507997556614018,1.4920024433859815
43,196,11,8.4352057637395639,2.5647942362604361
43,197,10,9.216365183073119,0.78363481692688097
43,198,9,8.1058444403036418,0.89415555969635818
43,199,8,6.6650855521334913,1.3349144478665087
43,200,7,6.2775506944123984,0.72244930558760156
43,201,6,5.2560455000344284,0.74395449996557161
43,202,5,4.1604560608627521,0.8395439391372479
43,203,4,2.7556028593409456,1.2443971406590544
43,204,3,3.4933230238784616,-0.49332302387846161
43,205,2,1.5998098017779394,0.40019019822206059
43,206,1,1.4405608415787776,-0.44056084157877762
43,207,0,0.45609885075037393,-0.45609885075037393
47,30,125,123.19349942019441,1.8065005798055864
47,31,125,122.65072756950819,2.3492724304918084
47,32,125,121.71203008932382,3.2879699106761819
47,33,125,121.78048784804898,3.2195121519510224
47,34,125,119.86869422961158,5.1313057703884226
47,35,125,121.18109075665191,3.818909243348088
47,36,125,121.33427585693011,3.6657241430698946
47,37,125,122.05546742476569,2.9445325752343052
47,38,125,121.3235466894148,3.6764533105852024
47,39,125,120.42166187306624,4.5783381269337582
47,40,125,120.21972895896604,4.7802710410339557
47,41,125,125,0
47,42,125,125,0
47,43,125,124.74217148339382,0.25782851660618178
47,44,125,125,0
47,45,125,125,0
47,46,125,125,0
47,47,125,125,0
47,48,125,124.99763452773648,0.0023654722635200187
47,49,125,125,0
47,50,125,125,0
47,51,125,125,0
47,52,125,125,0
47,53,125,124.59975600653398,0.40024399346602024
47,54,125,125,0
47,55,125,124.77418521170755,0.22581478829245327
47,56,125,121.03787236360445,3.9621276363955502
47,57,125,125,0
47,58,125,118.9687159049946,6.0312840950054039
47,59,125,122.86183037554761,2.138169624452388
47,60,125,124.9374319600409,0.062568039959103317
47,61,125,120.03319969587122,4.9668003041287818
47,62,125,120.45531591234467,4.5446840876553267
47,63,125,117.3991628733294,7.6008371266705979
47,64,125,116.28325495148077,8.716745048519229
47,65,125,120.30024817712942,4.6997518228705815
47,66,125,122.09517413602968,2.9048258639703164
47,67,125,122.19753917581041,2.8024608241895947
47,68,125,122.40588546672018,2.5941145332798214
47,69,125,122.68497455779851,2.3150254422014882
47,70,125,123.98087428997398,1.0191257100260174
47,71,125,124.27479880050237,0.72520119949763284
47,72,125,122.7416481087545,2.2583518912454963
47,73,125,124.36397337168835,0.63602662831165446
47,74,125,124.0837441935991,0.91625580640089765
47,75,125,123.94489826764665,1.05510173235335
47,76,125,123.22081364622807,1.7791863537719337
47,77,125,124.20706717156669,0.79293282843330815
47,78,125,124.56653093452073,0.43346906547927233
47,79,125,125,0
47,80,125,125,0
47,81,125,125,0
47,82,125,125,0
47,83,125,123.14226121043876,1.8577387895612389
47,84,125,117.32263012088021,7.6773698791197944
47,85,125,118.36581157953744,6.6341884204625643
47,86,125,118.47776196200286,6.5222380379971412
47,87,125,118.6927589991141,6.3072410008858952
47,88,125,115.90663936959709,9.0933606304029126
47,89,125,117.747697183098,7.2523028169020023
47,90,124,118.52402448745825,5.4759755125417513
47,91,123,119.68787593219277,3.3121240678072326
47,92,122,121.49798340873559,0.50201659126440745
47,93,121,119.33988401107149,1.66011598892851
47,94,120,117.48069614190554,2.5193038580944602
47,95,119,119.88812243772838,-0.88812243772838428
47,96,118,117.42331915972889,0.57668084027110922
47,97,117,121.56689594859839,-4.5668959485983862
47,98,116,122.51742367918627,-6.5174236791862654
47,99,115,118.54136606126977,-3.5413660612697697
47,100,114,116.71539981783359,-2.7153998178335854
47,101,113,115.89722218567123,-2.8972221856712252
47,102,112,119.6493098797109,-7.6493098797108985
47,103,111,119.48867002564417,-8.4886700256441685
47,104,110,120.09162209043325,-10.091622090433248
47,105,109,115.20602594256289,-6.2060259425628885
47,106,108,114.26754212832319,-6.2675421283231856
47,107,107,108.70298114964535,-1.7029811496453533
47,108,106,118.27549560425011,-12.275495604250111
47,109,105,107.47615594697827,-2.4761559469782668
47,110,104,107.99780256609759,-3.9978025660975902
47,111,103,110.83524192806964,-7.8352419280696353
47,112,102,118.63717503703825,-16.637175037038247
47,113,101,116.5197600650243,-15.5197600650243
47,114,100,108.40022116172641,-8.4002211617264066
47,115,99,113.154467821973,-14.154467821973
47,116,98,108.91546360403396,-10.91546360403396
47,117,97,99.542976816573741,-2.5429768165737414
47,118,96,104.78080663663954,-8.7808066366395394
47,119,95,102.46651512889973,-7.4665151288997293
47,120,94,104.30173921509372,-10.301739215093718
47,121,93,104.77320077180619,-11.773200771806188
47,122,92,106.68951778895105,-14.689517788951051
47,123,91,101.10103444443138,-10.101034444431377
47,124,90,95.610826294591973,-5.6108262945919734
47,125,89,85.936162253790997,3.0638377462090034
47,126,88,83.306496039484216,4.693503960515784
47,127,87,90.636432396582222,-3.6364323965822223
47,128,86,95.661222464403963,-9.6612224644039628
47,129,85,92.86601116505652,-7.8660111650565199
47,130,84,93.874527904854318,-9.8745279048543182
47,131,83,98.328515491566193,-15.328515491566193
47,132,82,96.06699187656811,-14.06699187656811
47,133,81,89.787282488424964,-8.7872824884249638
47,134,80,92.680716423886707,-12.680716423886707
47,135,79,86.981512258253247,-7.9815122582532467
47,136,78,85.425013563025516,-7.4250135630255159
47,137,77,81.639055765421048,-4.6390557654210482
47,138,76,79.591564191724274,-3.5915641917242738
47,139,75,86.523893615346012,-11.523893615346012
47,140,74,89.775653200970424,-15.775653200970424
47,141,73,91.098445237251923,-18.098445237251923
47,142,72,92.444804103686792,-20.444804103686792
47,143,71,93.022855518419874,-22.022855518419874
47,144,70,81.239871464143206,-11.239871464143206
47,145,69,86.3933086226005,-17.3933086226005
47,146,68,89.8223484912332,-21.8223484912332
47,147,67,72.769715057090806,-5.7697150570908065
47,148,66,87.749026113948233,-21.749026113948233
47,149,65,89.66025764071243,-24.66025764071243
47,150,64,94.344597368348516,-30.344597368348516
47,151,63,79.433790900160403,-16.433790900160403
47,152,62,78.164494253841099,-16.164494253841099
47,153,61,76.158205735614004,-15.158205735614004
47,154,60,66.301856733693214,-6.3018567336932136
47,155,59,56.280940517798996,2.7190594822010041
47,156,58,50.976969672461905,7.0230303275380948
47,157,57,49.531855413429454,7.4681445865705456
47,158,56,47.359789147320988,8.6402108526790116
47,159,55,46.193985931251433,8.8060140687485671
47,160,54,49.459427867577517,4.5405721324224828
47,161,53,48.177229530623322,4.8227704693766782
47,162,52,54.630360152759771,-2.6303601527597706
47,163,51,47.938854004812498,3.061145995187502
47,164,50,43.374075938567927,6.6259240614320731
47,165,49,42.649125938841678,6.3508740611583221
47,166,48,50.25926370042658,-2.2592637004265796
47,167,47,49.14272349763197,-2.1427234976319696
47,168,46,47.720608373638747,-1.720608373638747
47,169,45,50.82992788836782,-5.8299278883678198
47,170,44,53.521349946115478,-9.5213499461154782
47,171,43,52.038570230078236,-9.0385702300782356
47,172,42,51.942479866354745,-9.9424798663547449
47,173,41,42.85167265252263,-1.8516726525226304
47,174,40,36.288100010039123,3.7118999899608767
47,175,39,33.865181190356587,5.1348188096434129
47,176,38,32.688814578088866,5.3111854219111336
47,177,37,35.332156143900043,1.6678438560999567
47,178,36,33.290030941845089,2.7099690581549112
47,179,35,36.712832282869307,-1.7128322828693072
47,180,34,31.453213086126592,2.5467869138734081
47,181,33,28.70845543014347,4.29154456985653
47,182,32,39.375757496496114,-7.3757574964961137
47,183,31,32.520706953770976,-1.5207069537709756
47,184,30,29.030386978878109,0.96961302112189074
47,185,29,27.369110214607684,1.6308897853923163
47,186,28,28.713965170291509,-0.71396517029150885
47,187,27,35.648514573240341,-8.648514573240341
47,188,26,26.167197669289216,-0.16719766928921587
47,189,25,29.767754638662833,-4.7677546386628329
47,190,24,27.427406781693193,-3.4274067816931932
47,191,23,33.114415128543314,-10.114415128543314
47,192,22,25.960819321888675,-3.9608193218886747
47,193,21,30.055013146725059,-9.0550131467250594
47,194,20,20.765056385857207,-0.76505638585720703
47,195,19,20.862075686132354,-1.8620756861323535
47,196,18,19.529975337826958,-1.5299753378269578
47,197,17,17.06222479413028,-0.062224794130280259
47,198,16,19.253392144588638,-3.2533921445886378
47,199,15,17.719369450856473,-2.7193694508564725
47,200,14,14.666107823448035,-0.66610782344803532
47,201,13,15.479050113967196,-2.4790501139671957
47,202,12,14.052466907551302,-2.0524669075513025
47,203,11,11.852713793172395,-0.85271379317239493
47,204,10,10.635427203608929,-0.63542720360892879
47,205,9,8.7918131343065049,0.20818686569349509
47,206,8,8.9146990449854577,-0.91469904498545773
47,207,7,7.4605972362068815,-0.46059723620688153
47,208,6,6.2953328834900724,-0.29533288349007236
47,209,5,5.6541307517004507,-0.65413075170045065
47,210,4,5.5180553871810121,-1.5180553871810121
47,211,3,4.2895401298703391,-1.2895401298703391
47,212,2,4.3713703721026143,-2.3713703721026143
47,213,1,3.0070962418286928,-2.0070962418286928
47,214,0,2.2040392930070665,-2.2040392930070665
51,30,125,118.95708394790489,6.0429160520951086
51,31,125,112.47606323509116,12.523936764908839
51,32,125,111.568059672058,13.431940327942002
51,33,125,110.85571405884306,14.144285941156937
51,34,125,115.53962767973781,9.460372320262195
51,35,125,112.73986352136669,12.260136478633314
51,36,125,113.702470266749,11.297529733250997
51,37,125,113.00034673336511,11.999653266634894
51,38,125,119.43551681343675,5.5644831865632511
51,39,125,119.41418075750457,5.5858192424954325
51,40,125,123.43577879491532,1.564221205084678
51,41,125,122.40715518058121,2.5928448194187865
51,42,125,122.35578779758512,2.6442122024148773
51,43,125,123.10798820615527,1.8920117938447305
51,44,125,122.92224297500738,2.0777570249926214
51,45,125,122.54679367008636,2.4532063299136411
51,46,125,125,0
51,47,125,123.97137755923033,1.0286224407696665
51,48,125,124.83725023454656,0.16274976545344089
51,49,125,123.27221441405327,1.7277855859467337
51,50,125,121.52611015890088,3.4738898410991226
51,51,125,123.54282544818551,1.4571745518144894
51,52,125,123.09459340217862,1.9054065978213828
51,53,125,123.54601906942466,1.4539809305753408
51,54,125,123.26460997559109,1.7353900244089147
51,55,125,123.11958551548217,1.8804144845178286
51,56,125,125,0
51,57,125,124.17949176235473,0.82050823764527081
51,58,125,124.35124880815557,0.64875119184442553
51,59,125,123.03932727341265,1.9606727265873474
51,60,125,123.09771220144783,1.902287798552166
51,61,125,123.26865430755983,1.731345692440172
51,62,125,120.81862774061851,4.1813722593814902
51,63,125,122.28101037141842,2.718989628581582
51,64,125,121.05984218949769,3.9401578105023134
51,65,125,122.30346506774984,2.6965349322501595
51,66,125,118.33807271483371,6.6619272851662856
51,67,125,116.0277020539551,8.9722979460449039
51,68,125,115.54850686273871,9.4514931372612949
51,69,125,113.37040691024194,11.62959308975806
51,70,125,113.12930927869141,11.870690721308591
51,71,125,116.53904844717079,8.460951552829215
51,72,125,119.67936931573236,5.3206306842676412
51,73,125,120.68803342525263,4.3119665747473732
51,74,125,118.92562616312209,6.0743738368779105
51,75,125,119.79371370152367,5.2062862984763285
51,76,125,118.63930478927779,6.3606952107222128
51,77,125,115.05133770704781,9.9486622929521928
51,78,125,114.9124413008702,10.087558699129801
51,79,125,116.60362946702782,8.3963705329721847
51,80,125,111.18572960042994,13.814270399570063
51,81,125,112.28485418148547,12.715145818514529
51,82,125,111.33576085531192,13.664239144688082
51,83,125,111.94950878735283,13.050491212647174
51,84,125,108.94453170555559,16.05546829444441
51,85,125,112.43378180452989,12.566218195470114
51,86,125,108.2825504147828,16.717449585217196
51,87,125,109.77077416152855,15.22922583847145
51,88,125,114.17948135406621,10.820518645933788
51,89,124,116.90682076903884,7.0931792309611552
51,90,123,112.48428458539438,10.515715414605623
51,91,122,112.88022069118831,9.1197793088116867
51,92,121,102.01470780462303,18.985292195376971
51,93,120,108.70340170473104,11.296598295268964
51,94,119,108.19048327905243,10.80951672094757
51,95,118,113.44946652190765,4.5505334780923477
51,96,117,106.39402451764988,10.605975482350118
51,97,116,108.2003882394953,7.7996117605047033
51,98,115,108.43064717906887,6.5693528209311296
51,99,114,104.00421024996415,9.9957897500358541
51,100,113,108.82377254538982,4.176227454610185
51,101,112,104.65427084732677,7.3457291526732291
51,102,111,101.05747046416487,9.9425295358351349
51,103,110,105.06646585348749,4.933534146512514
51,104,109,102.75120044909566,6.2487995509043373
51,105,108,102.56930126564005,5.4306987343599502
51,106,107,101.22147290354941,5.7785270964505884
51,107,106,100.84728005497601,5.1527199450239891
51,108,105,106.04814558311229,-1.0481455831122872
51,109,104,106.72460897109903,-2.7246089710990304
51,110,103,103.97978516720624,-0.97978516720624498
51,111,102,103.72117530511764,-1.7211753051176402
51,112,101,104.87444859296961,-3.874448592969614
51,113,100,100.56043583426033,-0.56043583426033194
51,114,99,98.961376831887705,0.038623168112295048
51,115,98,99.017110645797047,-1.0171106457970467
51,116,97,97.828892000600817,-0.82889200060081691
51,117,96,89.36448097097913,6.6355190290208697
51,118,95,96.191582689055082,-1.1915826890550818
51,119,94,95.036057810133798,-1.0360578101337978
51,120,93,88.126606295920467,4.8733937040795325
51,121,92,93.97225743786241,-1.9722574378624103
51,122,91,94.135232520001011,-3.1352325200010114
51,123,90,94.118641228338561,-4.1186412283385607
51,124,89,84.611427129899084,4.3885728701009157
51,125,88,84.731198530973117,3.268801469026883
51,126,87,87.802554973428968,-0.80255497342896831
51,127,86,85.339193952423528,0.66080604757647166
51,128,85,88.381711149432277,-3.3817111494322774
51,129,84,86.381006360434839,-2.3810063604348386
51,130,83,88.144847852889555,-5.1448478528895549
51,131,82,78.449323326606219,3.5506766733937809
51,132,81,77.929000947360976,3.0709990526390243
51,133,80,79.294538695621583,0.70546130437841725
51,134,79,82.265084062518156,-3.2650840625181559
51,135,78,84.471693772865166,-6.4716937728651658
51,136,77,80.927536891756603,-3.9275368917566027
51,137,76,79.78143026860306,-3.7814302686030601
51,138,75,81.755827451894433,-6.755827451894433
51,139,74,74.66454455209562,-0.66454455209562013
51,140,73,79.979109780794417,-6.9791097807944169
51,141,72,83.832772042574589,-11.832772042574589
51,142,71,84.255156183726641,-13.255156183726641
51,143,70,83.652669969129278,-13.652669969129278
51,144,69,80.720565117249564,-11.720565117249564
51,145,68,76.304110684697804,-8.3041106846978039
51,146,67,79.218856773910531,-12.218856773910531
51,147,66,81.53391849550836,-15.53391849550836
51,148,65,87.963407303261761,-22.963407303261761
51,149,64,78.379657493141764,-14.379657493141764
51,150,63,88.267678532023893,-25.267678532023893
51,151,62,82.78314917265871,-20.78314917265871
51,152,61,82.607290630971917,-21.607290630971917
51,153,60,73.399692859342636,-13.399692859342636
51,154,59,76.15343873823744,-17.15343873823744
51,155,58,66.164941978960343,-8.1649419789603428
51,156,57,72.315990747928339,-15.315990747928339
51,157,56,60.658602688216483,-4.658602688216483
51,158,55,58.663182915461462,-3.6631829154614621
51,159,54,55.623818463285986,-1.6238184632859856
51,160,53,56.047394377108098,-3.0473943771080982
51,161,52,59.017297794226657,-7.017297794226657
51,162,51,63.458087838074903,-12.458087838074903
51,163,50,56.456278961484259,-6.4562789614842586
51,164,49,54.686924773371651,-5.6869247733716506
51,165,48,46.362431798823373,1.6375682011766273
51,166,47,51.311097887710488,-4.3110978877104884
51,167,46,52.477364436390722,-6.4773644363907223
51,168,45,47.406979339203517,-2.4069793392035166
51,169,44,48.647231683803454,-4.6472316838034544
51,170,43,43.494135528253679,-0.49413552825367901
51,171,42,39.811314873626685,2.1886851263733149
51,172,41,40.123775595930759,0.87622440406924085
51,173,40,37.045066649025827,2.9549333509741729
51,174,39,39.459362170657386,-0.4593621706573856
51,175,38,40.084283211184356,-2.0842832111843563
51,176,37,42.694493998767818,-5.6944939987678183
51,177,36,38.900349623302709,-2.9003496233027093
51,178,35,41.168811715214154,-6.1688117152141544
51,179,34,41.171469347313348,-7.171469347313348
51,180,33,40.896190437525135,-7.8961904375251351
51,181,32,33.624030592656744,-1.6240305926567444
51,182,31,39.821147201546893,-8.8211472015468928
51,183,30,32.915190762884528,-2.9151907628845279
51,184,29,29.370296215243595,-0.37029621524359513
51,185,28,30.366800441332671,-2.3668004413326713
51,186,27,28.720011935511767,-1.7200119355117671
51,187,26,29.836120606863712,-3.8361206068637124
51,188,25,27.678529718663562,-2.6785297186635617
51,189,24,26.932889712373118,-2.9328897123731181
51,190,23,23.990755461285818,-0.99075546128581848
51,191,22,24.32547672634329,-2.3254767263432896
51,192,21,22.531259655949246,-1.5312596559492455
51,193,20,22.928121016152183,-2.9281210161521827
51,194,19,21.435285546936772,-2.4352855469367718
51,195,18,19.093873193483279,-1.0938731934832795
51,196,17,20.369870348594905,-3.3698703485949046
51,197,16,16.97510977334737,-0.97510977334736992
51,198,15,19.91462805477429,-4.9146280547742904
51,199,14,21.217089836333777,-7.217089836333777
51,200,13,17.818798156902751,-4.8187981569027514
51,201,12,15.271589111971304,-3.2715891119713039
51,202,11,13.377049889644706,-2.3770498896447059
51,203,10,13.038308591905759,-3.0383085919057589
51,204,9,13.362055868698212,-4.3620558686982118
51,205,8,11.714182775847771,-3.714182775847771
51,206,7,11.062187982445993,-4.0621879824459928
51,207,6,8.0643728657097391,-2.0643728657097391
51,208,5,8.6955308473027415,-3.6955308473027415
51,209,4,7.0557601014484721,-3.0557601014484721
51,210,3,5.4084430162916686,-2.4084430162916686
51,211,2,3.2066487965410548,-1.2066487965410548
51,212,1,2.5218072260327928,-1.5218072260327928
51,213,0,2.0955069072424322,-2.0955069072424322
54,30,125,124.70386405043531,0.29613594956468603
54,31,125,124.40439171950868,0.59560828049131942
54,32,125,123.5423951117312,1.4576048882688042
54,33,125,124.98489163304716,0.015108366952844676
54,34,125,124.62491963385531,0.37508036614468665
54,35,125,120.52988279854017,4.4701172014598285
54,36,125,122.08711741096289,2.9128825890371104
54,37,125,123.31528168965117,1.6847183103488277
54,38,125,122.17381110284678,2.8261888971532159
54,39,125,120.24424071449594,4.7557592855040554
54,40,125,122.06602330930278,2.9339766906972216
54,41,125,118.03748660428822,6.9625133957117811
54,42,125,119.08697863987047,5.9130213601295338
54,43,125,118.24825518822516,6.7517448117748415
54,44,125,117.70813897701072,7.2918610229892806
54,45,125,118.95499485254466,6.0450051474553419
54,46,125,121.65632706549101,3.3436729345089873
54,47,125,119.32537804895223,5.6746219510477687
54,48,125,118.55256846670774,6.44743153329226
54,49,125,117.6006991334875,7.3993008665125046
54,50,125,120.3363551727503,4.6636448272496978
54,51,125,120.64636797806018,4.3536320219398164
54,52,125,119.4062038456302,5.593796154369798
54,53,125,119.20374109217573,5.7962589078242672
54,54,125,123.06758243225937,1.9324175677406288
54,55,125,120.80973066499921,4.1902693350007922
54,56,125,121.71360920953335,3.2863907904666547
54,57,125,120.37969872458243,4.6203012754175745
54,58,125,118.57588012227092,6.4241198777290833
54,59,125,120.07874184648445,4.9212581535155522
54,60,125,117.42424411346816,7.5757558865318373
54,61,125,116.7435521194201,8.2564478805798984
54,62,125,116.97180824986059,8.0281917501394133
54,63,125,115.46795746305452,9.5320425369454824
54,64,125,119.02109487702796,5.9789051229720371
54,65,125,119.41050590867137,5.589494091328632
54,66,125,120.49909066270824,4.500909337291759
54,67,125,114.47971836063688,10.52028163936312
54,68,125,111.36383343128087,13.636166568719133
54,69,125,112.79790439351081,12.202095606489195
54,70,125,105.98176510497058,19.018234895029423
54,71,125,110.31019487458813,14.689805125411866
54,72,125,112.93579270456063,12.064207295439374
54,73,125,107.20966132704442,17.790338672955585
54,74,125,106.05795564503784,18.942044354962164
54,75,125,109.01944060565802,15.980559394341981
54,76,125,111.37001218470704,13.629987815292964
54,77,125,112.28475275376391,12.715247246236089
54,78,125,110.82901862245339,14.17098137754661
54,79,125,106.93098599001172,18.06901400998828
54,80,125,105.96178688590804,19.03821311409196
54,81,125,112.09164793716958,12.908352062830417
54,82,125,111.31672744554572,13.683272554454277
54,83,125,114.9030968202935,10.096903179706501
54,84,125,117.45263657377757,7.5473634262224323
54,85,125,116.14042405732526,8.8595759426747378
54,86,125,118.3322048835179,6.6677951164820968
54,87,125,121.38271755136951,3.6172824486304904
54,88,125,119.74001721380685,5.2599827861931487
54,89,125,119.98700694316652,5.01299305683348
54,90,125,121.04303747055883,3.9569625294411708
54,91,125,120.00969879865596,4.9903012013440389
54,92,125,120.2878834975299,4.7121165024700957
54,93,125,119.48398764503344,5.5160123549665627
54,94,125,117.90201809940659,7.0979819005934104
54,95,125,118.39601818637978,6.6039818136202229
54,96,125,117.1434600299756,7.8565399700244001
54,97,125,118.24084670516692,6.7591532948330837
54,98,125,118.52576333409313,6.4742366659068722
54,99,125,117.14802624487267,7.8519737551273323
54,100,125,117.5345795029492,7.4654204970508005
54,101,125,114.28182586175326,10.718174138246738
54,102,125,114.50592437374188,10.494075626258123
54,103,125,111.96459680344387,13.035403196556132
54,104,125,111.41079199205569,13.589208007944308
54,105,125,108.93509881393651,16.064901186063494
54,106,125,110.14763480204519,14.852365197954811
54,107,125,110.93570404238332,14.064295957616679
54,108,125,108.53174626626897,16.468253733731032
54,109,125,110.75730349494538,14.242696505054624
54,110,125,114.70250586464887,10.29749413535113
54,111,125,111.64501647937341,13.35498352062659
54,112,125,112.96959056240233,12.030409437597669
54,113,125,110.04422117295039,14.955778827049613
54,114,125,107.23421674003669,17.765783259963314
54,115,125,111.15285915011285,13.847140849887154
54,116,125,109.50158636189936,15.498413638100644
54,117,125,116.57678543207579,8.4232145679242052
54,118,125,113.66387569884351,11.336124301156488
54,119,125,116.34277064594639,8.6572293540536123
54,120,125,116.88114150022103,8.1188584997789661
54,121,125,114.97445785304957,10.025542146950428
54,122,125,117.87294760852649,7.1270523914735122
54,123,125,116.86389233446265,8.1361076655373523
54,124,125,117.77353886734691,7.2264611326530854
54,125,125,117.28299491987268,7.717005080127322
54,126,125,117.02507365806127,7.9749263419387262
54,127,125,116.8064636030941,8.1935363969058983
54,128,125,116.77689113631493,8.22310886368507
54,129,125,115.80574820840444,9.1942517915955619
54,130,125,114.70643888969742,10.293561110302576
54,131,125,117.9643386414662,7.035661358533801
54,132,125,116.54277420352474,8.4572257964752566
54,133,124,110.85237711077973,13.147622889220273
54,134,123,107.71201684894206,15.287983151057944
54,135,122,105.03591788796108,16.964082112038923
54,136,121,111.41483267093561,9.5851673290643902
54,137,120,111.07362533573823,8.9263746642617718
54,138,119,106.57119029675904,12.428809703240958
54,139,118,104.36529840525111,13.63470159474889
54,140,117,112.88942915369871,4.110570846301286
54,141,116,112.44243279510127,3.5575672048987315
54,142,115,106.28346082180062,8.7165391781993833
54,143,114,100.60418013126915,13.395819868730854
54,144,113,106.85434051335179,6.1456594866482135
54,145,112,97.068375387558746,14.931624612441254
54,146,111,101.5863395653749,9.4136604346251005
54,147,110,100.844488178162,9.1555118218380045
54,148,109,99.999949452334675,9.0000505476653245
54,149,108,100.31421793480563,7.685782065194374
54,150,107,99.357759812049437,7.6422401879505628
54,151,106,106.12876698597694,-0.12876698597693803
54,152,105,109.89050457058454,-4.8905045705845396
54,153,104,104.05788126993838,-0.0578812699383775
54,154,103,105.61319384123198,-2.6131938412319755
54,155,102,104.64446429538064,-2.6444642953806436
54,156,101,116.22892082809982,-15.228920828099817
54,157,100,108.06274898136076,-8.0627489813607554
54,158,99,106.6771875701972,-7.677187570197205
54,159,98,108.23920994159468,-10.23920994159468
54,160,97,99.80605578696111,-2.8060557869611102
54,161,96,91.476670405866315,4.5233295941336849
54,162,95,98.702588273158739,-3.7025882731587387
54,163,94,89.522446792453493,4.4775532075465065
54,164,93,94.231767222536888,-1.2317672225368881
54,165,92,95.229449701432742,-3.2294497014327419
54,166,91,87.806692769679614,3.1933072303203858
54,167,90,90.67106447489239,-0.67106447489238974
54,168,89,80.833799446359805,8.1662005536401949
54,169,88,81.390858178799633,6.6091418212003674
54,170,87,78.035269839623083,8.9647301603769165
54,171,86,80.754801848964263,5.2451981510357371
54,172,85,81.051714162205101,3.9482858377948986
54,173,84,79.892372396476063,4.1076276035239374
54,174,83,86.684522912956254,-3.684522912956254
54,175,82,69.161626482167989,12.838373517832011
54,176,81,70.4676166566463,10.5323833433537
54,177,80,71.413267076831843,8.5867329231681566
54,178,79,74.809067305098793,4.1909326949012069
54,179,78,75.368141813854308,2.631858186145692
54,180,77,70.648007526568435,6.3519924734315651
54,181,76,68.20149768361641,7.7985023163835905
54,182,75,68.626203124074721,6.3737968759252794
54,183,74,70.373285298629256,3.6267147013707444
54,184,73,70.361555837736276,2.638444162263724
54,185,72,66.034092002006389,5.9659079979936109
54,186,71,64.93425822937192,6.0657417706280796
54,187,70,65.223686671959172,4.7763133280408283
54,188,69,60.26110958375186,8.7388904162481396
54,189,68,61.263645474572549,6.7363545254274513
54,190,67,63.819950539499281,3.1800494605007188
54,191,66,69.011278154220648,-3.0112781542206477
54,192,65,59.738758683515023,5.2612413164849769
54,193,64,55.507171295065127,8.4928287049348725
54,194,63,51.313601732759537,11.686398267240463
54,195,62,52.093142121462741,9.9068578785372594
54,196,61,60.85812056320205,0.14187943679795012
54,197,60,60.26753018644316,-0.26753018644316029
54,198,59,51.26968423403769,7.7303157659623096
54,199,58,50.547607706107158,7.4523922938928422
54,200,57,50.164357834125028,6.8356421658749724
54,201,56,45.642859063382289,10.357140936617711
54,202,55,48.315343748751111,6.6846562512488887
54,203,54,47.629946796198425,6.3700532038015751
54,204,53,46.694891280382926,6.3051087196170741
54,205,52,44.003363670496881,7.9966363295031186
54,206,51,44.093110756469386,6.906889243530614
54,207,50,51.140493444361262,-1.1404934443612618
54,208,49,40.343811674600623,8.656188325399377
54,209,48,40.439189040964422,7.5608109590355781
54,210,47,38.913107188237952,8.0868928117620484
54,211,46,39.315397094441359,6.6846029055586413
54,212,45,39.877677237231737,5.1223227627682633
54,213,44,39.71698848030767,4.2830115196923302
54,214,43,39.789508303383379,3.2104916966166215
54,215,42,44.300976203937715,-2.3009762039377151
54,216,41,38.91391913353069,2.0860808664693096
54,217,40,37.152095318294386,2.8479046817056144
54,218,39,37.190406134202149,1.8095938657978508
54,219,38,36.629434540895836,1.3705654591041636
54,220,37,32.806026377410319,4.1939736225896809
54,221,36,30.915193508675909,5.0848064913240911
54,222,35,30.55830163340098,4.4416983665990202
54,223,34,31.796828189382062,2.2031718106179383
54,224,33,31.485151443535951,1.5148485564640488
54,225,32,33.366028997575256,-1.3660289975752562
54,226,31,26.880508591064039,4.1194914089359607
54,227,30,24.268303978475696,5.7316960215243036
54,228,29,25.533966577657861,3.4660334223421394
54,229,28,24.112617285563442,3.8873827144365585
54,230,27,28.460830927048086,-1.4608309270480859
54,231,26,24.581916685548592,1.4180833144514082
54,232,25,23.328899400942376,1.671100599057624
54,233,24,26.801566304228565,-2.8015663042285652
54,234,23,25.654527423872594,-2.6545274238725938
54,235,22,23.04964016555202,-1.0496401655520202
54,236,21,20.942503838893824,0.057496161106175947
54,237,20,24.978997324352655,-4.9789973243526546
54,238,19,17.332448293709831,1.667551706290169
54,239,18,12.989605182048837,5.0103948179511626
54,240,17,13.068448740804806,3.931551259195194
54,241,16,13.244339471986709,2.7556605280132906
54,242,15,14.033588239148806,0.9664117608511944
54,243,14,13.212359012526029,0.78764098747397071
54,244,13,10.226761320688347,2.7732386793116532
54,245,12,9.6104734251297081,2.3895265748702919
54,246,11,7.5955816095006803,3.4044183904993197
54,247,10,6.8663670293054313,3.1336329706945687
54,248,9,6.9154458211248917,2.0845541788751083
54,249,8,6.7953892930894808,1.2046107069105192
54,250,7,6.6270926913438863,0.37290730865611366
54,251,6,6.2567495521125087,-0.25674955211250872
54,252,5,4.549740109138563,0.45025989086143703
54,253,4,3.8245942088395495,0.17540579116045052
54,254,3,2.7025627187475751,0.29743728125242486
54,255,2,0.41216309986599114,1.5878369001340089
54,256,1,0.56742313680954315,0.43257686319045685
54,257,0,1.3116347866233184,-1.3116347866233184
55,30,125,116.63631872373331,8.3636812762666892
55,31,125,121.31463109007657,3.6853689099234259
55,32,125,120.50213945198536,4.4978605480146427
55,33,125,118.44677414926514,6.5532258507348615
55,34,125,122.51143319487593,2.4885668051240657
55,35,125,122.28637602455271,2.7136239754472911
55,36,125,119.54160168119257,5.4583983188074257
55,37,125,118.86507145043383,6.134928549566169
55,38,125,116.41746032285535,8.582539677144652
55,39,125,121.48215411973895,3.5178458802610493
55,40,125,123.15650035636072,1.8434996436392765
55,41,125,124.39902766283578,0.60097233716422238
55,42,125,122.79533857152158,2.204661428478417
55,43,125,118.75960889041498,6.2403911095850191
55,44,125,120.13313819018921,4.8668618098107856
55,45,125,120.49686076707735,4.5031392329226492
55,46,125,117.43734056783588,7.562659432164125
55,47,125,119.57938887959583,5.4206111204041747
55,48,125,119.84293046972724,5.1570695302727643
55,49,125,123.56683675556323,1.4331632444367699
55,50,125,121.1044391040147,3.8955608959852981
55,51,125,122.55277860310999,2.4472213968900149
55,52,125,123.16160876862725,1.8383912313727535
55,53,125,119.83845617199538,5.1615438280046249
55,54,125,118.68541000064673,6.3145899993532737
55,55,125,119.90962303311686,5.0903769668831416
55,56,125,116.60004544572836,8.3999545542716447
55,57,125,113.1829615022953,11.817038497704701
55,58,125,110.20869872613002,14.791301273869976
55,59,125,100.74360828678559,24.256391713214413
55,60,125,103.73778810288233,21.262211897117666
55,61,125,105.80491460744587,19.195085392554134
55,62,125,112.79049109210379,12.209508907896208
55,63,125,115.42345132506199,9.5765486749380102
55,64,125,116.19863439338967,8.8013656066103323
55,65,125,110.04422267767966,14.955777322320344
55,66,125,113.7949991403208,11.205000859679203
55,67,125,113.56213556394768,11.437864436052323
55,68,125,108.88125723662435,16.11874276337565
55,69,124,107.94210699007826,16.057893009921742
55,70,123,113.72248615377167,9.2775138462283309
55,71,122,108.78933735803867,13.210662641961335
55,72,121,105.26760051327835,15.732399486721647
55,73,120,108.1240263627752,11.875973637224803
55,74,119,101.39163739936097,17.608362600639026
55,75,118,102.10345438656405,15.896545613435947
55,76,117,107.57248947586241,9.4275105241375883
55,77,116,110.3343645389018,5.6656354610982049
55,78,115,110.19966379806687,4.8003362019331348
55,79,114,118.94047921059537,-4.9404792105953703
55,80,113,113.38410414980849,-0.38410414980849339
55,81,112,118.06893653966171,-6.0689365396617063
55,82,111,117.1310567660589,-6.1310567660589044
55,83,110,111.15335468585046,-1.1533546858504593
55,84,109,112.01648901940705,-3.0164890194070466
55,85,108,108.08767957960301,-0.087679579603005209
55,86,107,100.89720471198463,6.102795288015372
55,87,106,107.96495084495329,-1.9649508449532931
55,88,105,105.33052081705573,-0.33052081705572789
55,89,104,102.51392179608467,1.4860782039153264
55,90,103,106.37383988470809,-3.3738398847080902
55,91,102,105.50059226376679,-3.5005922637667908
55,92,101,105.56250331958053,-4.5625033195805287
55,93,100,100.09046958627606,-0.090469586276057612
55,94,99,94.304110258327469,4.6958897416725307
55,95,98,94.685679125413458,3.3143208745865422
55,96,97,95.48656582930272,1.5134341706972805
55,97,96,94.381455772572139,1.6185442274278614
55,98,95,90.725347533334556,4.2746524666654437
55,99,94,89.332712733808009,4.6672872661919911
55,100,93,91.828967855393799,1.1710321446062011
55,101,92,82.132000237322003,9.8679997626779965
55,102,91,94.991179114424625,-3.9911791144246251
55,103,90,100.00268391611986,-10.002683916119864
55,104,89,104.69195215350965,-15.691952153509646
55,105,88,91.86322892095842,-3.8632289209584201
55,106,87,88.06843452232485,-1.0684345223248499
55,107,86,90.441136823574638,-4.441136823574638
55,108,85,85.977716228380444,-0.97771622838044436
55,109,84,88.182394653360674,-4.1823946533606744
55,110,83,89.627488177358217,-6.6274881773582166
55,111,82,90.360980315497955,-8.3609803154979545
55,112,81,91.872709861749215,-10.872709861749215
55,113,80,87.545873825217484,-7.545873825217484
55,114,79,89.282785824978831,-10.282785824978831
55,115,78,90.562019682479445,-12.562019682479445
55,116,77,89.880958538508139,-12.880958538508139
55,117,76,92.088401478409608,-16.088401478409608
55,118,75,86.791969701756287,-11.791969701756287
55,119,74,90.864478962973166,-16.864478962973166
55,120,73,82.371649078973689,-9.3716490789736895
55,121,72,87.556614759146299,-15.556614759146299
55,122,71,102.88986200226617,-31.88986200226617
55,123,70,98.38974970173777,-28.38974970173777
55,124,69,86.775947872470695,-17.775947872470695
55,125,68,91.70866175452052,-23.70866175452052
55,126,67,78.242262737478299,-11.242262737478299
55,127,66,75.811536579905891,-9.8115365799058907
55,128,65,79.137419120214219,-14.137419120214219
55,129,64,72.020623699025364,-8.0206236990253643
55,130,63,69.385081992601314,-6.3850819926013145
55,131,62,75.669550705837025,-13.669550705837025
55,132,61,74.019298529430728,-13.019298529430728
55,133,60,66.046556475177624,-6.0465564751776242
55,134,59,65.299586978012456,-6.2995869780124565
55,135,58,61.874410926903067,-3.8744109269030673
55,136,57,63.799018109735186,-6.7990181097351865
55,137,56,68.115622487296719,-12.115622487296719
55,138,55,55.617773255197555,-0.61777325519755522
55,139,54,52.890549246744705,1.1094507532552953
55,140,53,49.771412562583578,3.2285874374164223
55,141,52,50.379936107044472,1.6200638929555282
55,142,51,50.745916965861099,0.2540830341389011
55,143,50,49.073935309026815,0.92606469097318467
55,144,49,48.869572731894614,0.13042726810538596
55,145,48,43.643544217425173,4.3564557825748267
55,146,47,44.252977049086944,2.7470229509130561
55,147,46,47.542200106873828,-1.5422001068738282
55,148,45,46.020711670829556,-1.0207116708295558
55,149,44,45.128464041039649,-1.1284640410396491
55,150,43,47.599400907799314,-4.5994009077993141
55,151,42,48.048054240332434,-6.0480542403324336
55,152,41,44.105110213886711,-3.1051102138867108
55,153,40,49.065995492786939,-9.0659954927869393
55,154,39,53.510514504695685,-14.510514504695685
55,155,38,50.077433564816715,-12.077433564816715
55,156,37,43.837124207616007,-6.8371242076160073
55,157,36,39.285547585430372,-3.285547585430372
55,158,35,44.776686446972882,-9.7766864469728816
55,159,34,45.162787379587485,-11.162787379587485
55,160,33,39.13555399147144,-6.1355539914714399
55,161,32,39.907434977413146,-7.9074349774131463
55,162,31,31.260662995836682,-0.2606629958366824
55,163,30,34.473740532636121,-4.4737405326361213
55,164,29,35.971694586896923,-6.9716945868969233
55,165,28,36.131566541469937,-8.1315665414699367
55,166,27,32.464927226713094,-5.4649272267130939
55,167,26,33.121492415718521,-7.1214924157185209
55,168,25,32.595722089312332,-7.5957220893123321
55,169,24,33.292974429442353,-9.2929744294423529
55,170,23,29.658891747949589,-6.658891747949589
55,171,22,30.824924799101275,-8.8249247991012751
55,172,21,27.650391848208681,-6.650391848208681
55,173,20,23.877625715193442,-3.8776257151934423
55,174,19,26.708460226706933,-7.7084602267069329
55,175,18,28.65863383445296,-10.65863383445296
55,176,17,29.405794989371962,-12.405794989371962
55,177,16,22.430200150844293,-6.4302001508442928
55,178,15,18.007044396781719,-3.0070443967817191
55,179,14,13.309413309554678,0.69058669044532195
55,180,13,10.90404770099417,2.0959522990058304
55,181,12,10.177302958596789,1.8226970414032113
55,182,11,9.7154562958357502,1.2845437041642498
55,183,10,9.0425504460315942,0.95744955396840581
55,184,9,8.8309786826095049,0.16902131739049508
55,185,8,7.7597764233583302,0.24022357664166982
55,186,7,7.2474157445060978,-0.24741574450609782
55,187,6,5.5456376650124604,0.45436233498753964
55,188,5,4.8924408127801824,0.10755918721981761
55,189,4,4.9207949262293722,-0.9207949262293722
55,190,3,4.2704826079257829,-1.2704826079257829
55,191,2,2.6136126480964821,-0.61361264809648208
55,192,1,1.8393561899476871,-0.83935618994768713
55,193,0,0.58870745750676845,-0.58870745750676845
69,30,125,117.21165849229105,7.7883415077089495
69,31,125,119.46642929378487,5.53357070621513
69,32,125,120.35108427153577,4.6489157284642317
69,33,125,119.30604378046299,5.6939562195370144
69,34,125,118.964826196527,6.0351738034730005
69,35,125,115.39348650938122,9.6065134906187808
69,36,125,118.84546698113111,6.1545330188688894
69,37,125,121.48010827031159,3.5198917296884105
69,38,125,120.85075219512585,4.1492478048741503
69,39,125,121.4838421630802,3.5161578369198025
69,40,125,120.0602380685398,4.9397619314601968
69,41,125,120.72196152611124,4.2780384738887562
69,42,125,118.64441629792303,6.3555837020769701
69,43,125,115.51240885454567,9.4875911454543314
69,44,125,113.92110904294879,11.078890957051215
69,45,125,111.96242480524583,13.037575194754169
69,46,125,115.27318894691389,9.7268110530861094
69,47,125,114.46069849059181,10.53930150940819
69,48,125,116.43741475380848,8.5625852461915173
69,49,125,118.13882523974833,6.8611747602516715
69,50,125,112.53730867746842,12.462691322531583
69,51,125,113.78855181265182,11.211448187348182
69,52,125,111.95275638274698,13.047243617253017
69,53,125,111.30615772573172,13.693842274268277
69,54,125,110.48713699379711,14.512863006202892
69,55,125,114.0138161933167,10.9861838066833
69,56,125,105.25803627253816,19.741963727461837
69,57,125,102.6087602278419,22.391239772158102
69,58,125,101.33299994538528,23.667000054614718
69,59,125,102.02772525967296,22.972274740327038
69,60,125,96.848397330366311,28.151602669633689
69,61,125,100.85636972500997,24.143630274990031
69,62,125,105.81771438145451,19.182285618545492
69,63,125,105.67103059203329,19.32896940796671
69,64,125,100.94261226554485,24.057387734455148
69,65,125,104.90923876136782,20.090761238632183
69,66,125,100.21631281299453,24.783687187005469
69,67,125,98.721307488854464,26.278692511145536
69,68,125,108.95866040875993,16.041339591240074
69,69,125,113.91988840945513,11.080111590544874
69,70,125,117.16721042216258,7.832789577837417
69,71,125,117.19516291441218,7.8048370855878204
69,72,125,118.8048461861529,6.1951538138470994
69,73,125,115.91524497495855,9.0847550250414457
69,74,125,110.51978359822363,14.480216401776374
69,75,125,111.85671183181246,13.143288168187539
69,76,125,117.91500122576971,7.0849987742302858
69,77,125,119.20727337057458,5.7927266294254167
69,78,125,120.30834014435516,4.6916598556448434
69,79,125,120.22387514592353,4.7761248540764711
69,80,125,121.78131413168748,3.2186858683125195
69,81,125,123.28695724705881,1.7130427529411918
69,82,125,124.10309909356523,0.89690090643476594
69,83,125,123.06615536831642,1.9338446316835842
69,84,125,121.61785938787978,3.3821406121202244
69,85,125,119.7594438617364,5.2405561382635995
69,86,125,123.36590906303994,1.6340909369600638
69,87,125,119.15558527909891,5.844414720901085
69,88,125,120.92007334741533,4.0799266525846747
69,89,125,118.14057631899927,6.8594236810007345
69,90,125,118.77336441297642,6.2266355870235799
69,91,125,120.65545064219813,4.344549357801867
69,92,125,115.54659847753108,9.4534015224689227
69,93,125,106.08589789504209,18.914102104957905
69,94,125,117.92967781089506,7.0703221891049424
69,95,125,117.23425552564527,7.765744474354733
69,96,125,114.53207560183343,10.467924398166573
69,97,125,117.57421001693929,7.4257899830607101
69,98,125,113.09104939342809,11.908950606571906
69,99,125,120.20899623391668,4.7910037660833211
69,100,125,114.17966140215262,10.820338597847382
69,101,125,120.82544292769668,4.1745570723033154
69,102,125,115.39178365632691,9.6082163436730923
69,103,125,108.60140470537146,16.398595294628535
69,104,125,101.60010890373324,23.399891096266757
69,105,125,104.26613271962931,20.733867280370688
69,106,125,107.72020249746289,17.279797502537107
69,107,125,117.13094007625125,7.8690599237487504
69,108,125,119.27141672144475,5.7285832785552486
69,109,125,120.86202801834033,4.1379719816596747
69,110,125,120.63493112739044,4.3650688726095552
69,111,125,124.86872042247157,0.13127957752843145
69,112,125,122.82593160547437,2.1740683945256336
69,113,125,121.90143118803454,3.098568811965464
69,114,125,123.31411895666565,1.6858810433343479
69,115,125,119.16890137098656,5.8310986290134394
69,116,125,123.67717651654682,1.3228234834531776
69,117,125,125,0
69,118,125,125,0
69,119,125,125,0
69,120,125,125,0
69,121,125,125,0
69,122,125,123.11541329162998,1.8845867083700227
69,123,125,122.28523861690078,2.7147613830992157
69,124,125,123.85979973922791,1.1402002607720902
69,125,125,117.56480476728986,7.4351952327101429
69,126,125,119.11034614710819,5.8896538528918114
69,127,125,122.78438261538975,2.2156173846102547
69,128,125,117.20975483922498,7.7902451607750152
69,129,125,118.69743314612715,6.3025668538728468
69,130,125,119.39526507451632,5.6047349254836831
69,131,125,119.20141918966743,5.7985808103325667
69,132,125,119.66684191021585,5.3331580897841491
69,133,125,114.35036988381614,10.649630116183857
69,134,125,115.47429166994955,9.525708330050449
69,135,125,117.22318799614477,7.7768120038552269
69,136,125,111.28124551306421,13.718754486935794
69,137,125,120.95081261945954,4.0491873805404595
69,138,125,120.55464309318882,4.4453569068111847
69,139,125,117.34336925589004,7.656630744109961
69,140,125,114.70222820435318,10.297771795646824
69,141,125,113.40914513095582,11.590854869044179
69,142,125,113.96730087633105,11.032699123668948
69,143,125,112.07299154222071,12.927008457779294
69,144,125,107.98986971144222,17.010130288557775
69,145,125,110.84367393202952,14.156326067970483
69,146,125,111.55576460285862,13.444235397141384
69,147,125,115.41136914132011,9.5886308586798918
69,148,125,115.81533664154517,9.1846633584548272
69,149,125,115.71551237641462,9.2844876235853775
69,150,125,110.01502099821252,14.98497900178748
69,151,125,113.4127101887089,11.5872898112911
69,152,125,114.81296896401341,10.187031035986593
69,153,125,115.77523736262638,9.2247626373736153
69,154,125,117.26498492084571,7.7350150791542944
69,155,125,118.48286254429452,6.5171374557054804
69,156,125,114.08549330542216,10.914506694577838
69,157,125,115.52692384975934,9.473076150240658
69,158,125,115.63916382868297,9.3608361713170325
69,159,125,118.69329942666238,6.306700573337622
69,160,125,114.43651242982257,10.563487570177429
69,161,125,110.30709318656112,14.692906813438881
69,162,125,113.15981840303668,11.840181596963319
69,163,125,101.55876512447585,23.441234875524145
69,164,125,110.3253838574156,14.674616142584398
69,165,125,111.23962771885118,13.760372281148818
69,166,125,106.71868919922551,18.281310800774492
69,167,125,106.8827784161051,18.117221583894903
69,168,125,110.57693212490852,14.423067875091476
69,169,125,119.19637375438683,5.8036262456131738
69,170,125,119.5967795253973,5.4032204746027048
69,171,125,111.94353725082286,13.056462749177143
69,172,125,103.64811697861789,21.351883021382108
69,173,125,105.13014533663733,19.869854663362673
69,174,125,109.32673069695943,15.67326930304057
69,175,125,112.95553246263584,12.044467537364156
69,176,125,114.20280734671455,10.79719265328545
69,177,125,118.7795115809239,6.2204884190761049
69,178,125,122.08272034993198,2.9172796500680249
69,179,125,120.44200393892943,4.5579960610705683
69,180,125,118.90844798820642,6.0915520117935813
69,181,125,118.15078809035971,6.8492119096402888
69,182,125,113.73482533237359,11.265174667626411
69,183,125,115.04506229278138,9.9549377072186189
69,184,125,118.46888876524731,6.5311112347526858
69,185,125,114.76401176264451,10.235988237355485
69,186,125,110.13878804041721,14.861211959582789
69,187,125,110.18123883208557,14.818761167914431
69,188,125,106.16230684961133,18.837693150388674
69,189,125,105.24385203663931,19.756147963360689
69,190,125,106.30567409279874,18.694325907201261
69,191,125,99.877938182362499,25.122061817637501
69,192,125,90.071676122506716,34.928323877493284
69,193,125,81.493845613852358,43.506154386147642
69,194,125,75.526396859594129,49.473603140405871
69,195,125,84.517528800250261,40.482471199749739
69,196,125,85.765828253561409,39.234171746438591
69,197,125,89.317149367658942,35.682850632341058
69,198,125,76.996838736429751,48.003161263570249
69,199,125,80.833677523518205,44.166322476481795
69,200,125,84.023873492360153,40.976126507639847
69,201,125,87.274864253069026,37.725135746930974
69,202,125,90.995118419692389,34.004881580307611
69,203,125,110.12317400067515,14.876825999324851
69,204,125,111.58927670955131,13.410723290448686
69,205,125,118.91838165877078,6.0816183412292162
69,206,125,121.17477011915605,3.8252298808439491
69,207,125,121.89766029324994,3.1023397067500582
69,208,125,116.75478134429906,8.2452186557009384
69,209,125,111.0262288480311,13.973771151968904
69,210,125,118.7836232121391,6.2163767878608951
69,211,125,115.06642874259512,9.9335712574048785
69,212,125,118.55766000687612,6.4423399931238805
69,213,125,112.28555471843778,12.71444528156222
69,214,125,115.20149083105926,9.7985091689407398
69,215,125,109.79566991039654,15.204330089603459
69,216,125,107.71528480947771,17.284715190522292
69,217,125,109.93738135978924,15.062618640210758
69,218,125,107.58820764561484,17.411792354385156
69,219,125,110.60735179464757,14.39264820535243
69,220,125,111.22344528910497,13.776554710895027
69,221,125,114.24895170634811,10.751048293651891
69,222,125,112.47814498837516,12.521855011624837
69,223,125,107.45100664120437,17.548993358795627
69,224,125,113.20673170751724,11.793268292482765
69,225,125,119.92441360383832,5.0755863961616825
69,226,125,118.65517714316293,6.3448228568370695
69,227,125,118.36467382964811,6.6353261703518882
69,228,125,117.13588723219831,7.8641127678016858
69,229,125,115.72881747110313,9.2711825288968726
69,230,125,116.31860861574448,8.6813913842555195
69,231,125,117.12873171096012,7.8712682890398753
69,232,125,117.27409609872834,7.7259039012716642
69,233,125,112.65465428951171,12.345345710488289
69,234,125,110.10898920440796,14.891010795592038
69,235,125,107.2277083422054,17.772291657794597
69,236,125,109.08903771782323,15.910962282176769
69,237,125,110.0301157789206,14.969884221079397
69,238,124,104.38181272076325,19.61818727923675
69,239,123,105.32588748386077,17.674112516139232
69,240,122,96.300996779342441,25.699003220657559
69,241,121,97.018451763028395,23.981548236971605
69,242,120,96.367147835249838,23.632852164750162
69,243,119,108.08108411673915,10.918915883260851
69,244,118,97.599939825986453,20.400060174013547
69,245,117,100.7990884107034,16.200911589296595
69,246,116,104.17692270986504,11.823077290134961
69,247,115,102.95537809144302,12.044621908556977
69,248,114,105.68682636969571,8.3131736303042914
69,249,113,107.89862450643099,5.1013754935690088
69,250,112,109.26223459423038,2.7377654057696219
69,251,111,108.06518681893422,2.9348131810657776
69,252,110,111.4458737071275,-1.4458737071275038
69,253,109,99.906699279987109,9.0933007200128912
69,254,108,105.24032373433897,2.7596762656610281
69,255,107,102.54431225807389,4.4556877419261127
69,256,106,101.29436714356041,4.7056328564395926
69,257,105,96.554707304354736,8.4452926956452643
69,258,104,95.6398961601423,8.3601038398577003
69,259,103,87.654438627114786,15.345561372885214
69,260,102,93.582426895310491,8.4175731046895095
69,261,101,84.4497232257241,16.5502767742759
69,262,100,91.421144252946419,8.5788557470535807
69,263,99,92.909000684972398,6.0909993150276023
69,264,98,86.648564748300004,11.351435251699996
69,265,97,73.338189331189497,23.661810668810503
69,266,96,88.923418330699633,7.0765816693003671
69,267,95,71.377306130161173,23.622693869838827
69,268,94,72.379024055356695,21.620975944643305
69,269,93,83.057623537719806,9.942376462280194
69,270,92,78.771641610526828,13.228358389473172
69,271,91,79.81699848232418,11.18300151767582
69,272,90,68.592678319172521,21.407321680827479
69,273,89,70.558479083428949,18.441520916571051
69,274,88,81.151336974779682,6.8486630252203184
69,275,87,77.911534475688953,9.0884655243110473
69,276,86,74.850569170330019,11.149430829669981
69,277,85,68.183514138364075,16.816485861635925
69,278,84,64.547797833493334,19.452202166506666
69,279,83,64.405069302533661,18.594930697466339
69,280,82,70.323077440456515,11.676922559543485
69,281,81,72.064009065444679,8.9359909345553206
69,282,80,61.494596853395265,18.505403146604735
69,283,79,73.722940767599468,5.2770592324005321
69,284,78,74.706562839184883,3.2934371608151167
69,285,77,69.081338004093396,7.9186619959066036
69,286,76,62.635495944825706,13.364504055174294
69,287,75,50.175479999879542,24.824520000120458
69,288,74,43.429246937705749,30.570753062294251
69,289,73,53.577116250065657,19.422883749934343
69,290,72,55.369797005851403,16.630202994148597
69,291,71,52.045812293446915,18.954187706553085
69,292,70,47.537426949952071,22.462573050047929
69,293,69,48.965458178871685,20.034541821128315
69,294,68,46.435425139076713,21.564574860923287
69,295,67,48.652207280565683,18.347792719434317
69,296,66,48.305332580603881,17.694667419396119
69,297,65,47.007690475867797,17.992309524132203
69,298,64,46.394546341207409,17.605453658792591
69,299,63,45.132006693343165,17.867993306656835
69,300,62,50.362020617767449,11.637979382232551
69,301,61,48.242554017845492,12.757445982154508
69,302,60,48.004571679927729,11.995428320072271
69,303,59,43.263180240337803,15.736819759662197
69,304,58,45.219279392303584,12.780720607696416
69,305,57,44.142194693375458,12.857805306624542
69,306,56,42.485441255657555,13.514558744342445
69,307,55,48.83436009275804,6.1656399072419603
69,308,54,47.345398626793035,6.6546013732069653
69,309,53,46.076999348138692,6.9230006518613081
69,310,52,47.327531657845896,4.6724683421541044
69,311,51,48.212520749557811,2.787479250442189
69,312,50,44.557094330124436,5.4429056698755645
69,313,49,39.91769113879495,9.0823088612050498
69,314,48,40.104871870500787,7.8951281294992128
69,315,47,38.022573134603228,8.9774268653967724
69,316,46,39.140104563402119,6.8598954365978813
69,317,45,41.311792961139467,3.6882070388605328
69,318,44,35.162691702470944,8.8373082975290558
69,319,43,35.349671265120037,7.6503287348799631
69,320,42,38.155419234336946,3.8445807656630535
69,321,41,34.884601910638963,6.1153980893610367
69,322,40,25.726649253286698,14.273350746713302
69,323,39,25.492960199604742,13.507039800395258
69,324,38,20.938176564394286,17.061823435605714
69,325,37,22.658325236928608,14.341674763071392
69,326,36,21.099916768640533,14.900083231359467
69,327,35,20.10458536323317,14.89541463676683
69,328,34,22.480469716462377,11.519530283537623
69,329,33,20.1047666976676,12.8952333023324
69,330,32,22.36284018774931,9.6371598122506903
69,331,31,23.325190581450965,7.6748094185490352
69,332,30,16.259809018573335,13.740190981426665
69,333,29,17.764767844212173,11.235232155787827
69,334,28,14.557891193843895,13.442108806156105
69,335,27,15.479885741950721,11.520114258049279
69,336,26,16.487647775067618,9.512352224932382
69,337,25,19.127389075768473,5.8726109242315268
69,338,24,18.776081131607985,5.2239188683920155
69,339,23,19.94668672418657,3.05331327581343
69,340,22,16.515162106685143,5.4848378933148574
69,341,21,22.674810788076961,-1.6748107880769609
69,342,20,16.830307371866873,3.1696926281331272
69,343,19,15.273566391679545,3.7264336083204554
69,344,18,12.193259834051309,5.8067401659486908
69,345,17,12.024642515395199,4.9753574846048014
69,346,16,10.146037069549887,5.8539629304501126
69,347,15,13.812936180732425,1.1870638192675749
69,348,14,9.9616082432976292,4.0383917567023708
69,349,13,8.701476935527408,4.298523064472592
69,350,12,7.4449693649418629,4.5550306350581371
69,351,11,6.8075397146712904,4.1924602853287096
69,352,10,7.4033892547802651,2.5966107452197349
69,353,9,7.7235792731359574,1.2764207268640426
69,354,8,6.3316284081263863,1.6683715918736137
69,355,7,6.5525447422384309,0.44745525776156914
69,356,6,4.4625880790854442,1.5374119209145558
69,357,5,3.1720730692175878,1.8279269307824122
69,358,4,4.3684688100772204,-0.36846881007722043
69,359,3,3.2935804445965973,-0.29358044459659727
69,360,2,0.92274660804159658,1.0772533919584033
69,361,1,2.3009382900746909,-1.3009382900746909
69,362,0,1.4117741666110584,-1.4117741666110584
71,30,125,121.55425280502629,3.4457471949737055
71,31,125,121.90650171281503,3.0934982871849712
71,32,125,113.31918130228574,11.680818697714258
71,33,125,103.45068039809813,21.549319601901871
71,34,125,112.19453139056583,12.805468609434172
71,35,125,109.99490585244229,15.005094147557713
71,36,125,116.91239269586599,8.0876073041340106
71,37,125,118.20245432839397,6.7975456716060307
71,38,125,119.40240100087796,5.5975989991220416
71,39,125,121.6121542897949,3.3878457102050987
71,40,125,123.06950728013867,1.9304927198613342
71,41,125,120.02730847528308,4.9726915247169217
71,42,125,113.13798425813843,11.862015741861569
71,43,125,107.68399473174912,17.316005268250876
71,44,125,111.02630692334185,13.973693076658151
71,45,125,113.64727789969602,11.352722100303978
71,46,125,120.23862825579894,4.7613717442010568
71,47,125,117.80966218943594,7.1903378105640599
71,48,125,116.95951138481354,8.0404886151864616
71,49,125,113.87969602556755,11.120303974432446
71,50,125,120.04748194140413,4.9525180585958708
71,51,125,119.34756452104249,5.6524354789575142
71,52,125,117.02665124032171,7.9733487596782879
71,53,125,118.74576348781403,6.2542365121859689
71,54,125,120.94460147321915,4.0553985267808486
71,55,125,119.71844151289083,5.2815584871091659
71,56,125,113.94803622835192,11.051963771648076
71,57,125,121.31795428471216,3.6820457152878419
71,58,125,125,0
71,59,125,118.93093464319716,6.0690653568028381
71,60,125,122.07858427172948,2.9214157282705173
71,61,125,122.13231573447257,2.8676842655274299
71,62,125,122.17984823127033,2.8201517687296729
71,63,125,125,0
71,64,125,124.70251156069789,0.29748843930211422
71,65,125,122.25997201289593,2.7400279871040709
71,66,125,121.67635700647011,3.3236429935298872
71,67,125,122.61931904264853,2.3806809573514727
71,68,125,122.2783357650933,2.7216642349066973
71,69,125,123.86592562380062,1.1340743761993792
71,70,125,124.32712557053156,0.67287442946843612
71,71,125,119.36968712765118,5.6303128723488243
71,72,125,114.98160568750842,10.01839431249158
71,73,125,122.51825337568604,2.4817466243139563
71,74,125,124.77527933073982,0.22472066926017931
71,75,125,114.28560402055957,10.714395979440425
71,76,125,121.49837063034131,3.5016293696586871
71,77,125,115.73284836111588,9.2671516388841155
71,78,125,114.14415331941278,10.85584668058722
71,79,125,118.31640498832635,6.6835950116736456
71,80,125,110.54895427884432,14.45104572115568
71,81,125,109.19276606604306,15.807233933956937
71,82,125,111.92807114650762,13.071928853492381
71,83,125,109.48988100401975,15.51011899598025
71,84,124,106.10835914015519,17.891640859844813
71,85,123,100.10776388222496,22.892236117775042
71,86,122,101.85508179083197,20.144918209168026
71,87,121,102.09036970452219,18.909630295477811
71,88,120,105.31829937398581,14.681700626014191
71,89,119,105.31919857542354,13.680801424576458
71,90,118,98.366173417608152,19.633826582391848
71,91,117,97.566350482010037,19.433649517989963
71,92,116,98.247179799034967,17.752820200965033
71,93,115,92.992281871901838,22.007718128098162
71,94,114,104.64717953243084,9.3528204675691597
71,95,113,111.05719845374368,1.9428015462563195
71,96,112,109.4832573689099,2.5167426310900964
71,97,111,111.85319833175431,-0.8531983317543137
71,98,110,118.72089266978226,-8.7208926697822591
71,99,109,121.52829264830937,-12.528292648309375
71,100,108,123.76007643107363,-15.760076431073628
71,101,107,124.86091857341307,-17.860918573413073
71,102,106,124.30434294597136,-18.304342945971356
71,103,105,122.82044719728994,-17.820447197289937
71,104,104,117.03934849472999,-13.039348494729992
71,105,103,113.50383868256425,-10.50383868256425
71,106,102,112.49899890563266,-10.498998905632661
71,107,101,114.15501301640506,-13.155013016405064
71,108,100,111.25730974394064,-11.257309743940638
71,109,99,120.91333052125924,-21.91333052125924
71,110,98,116.52918548268048,-18.529185482680475
71,111,97,119.7601580380957,-22.760158038095696
71,112,96,118.66221968703528,-22.662219687035275
71,113,95,116.76855960902294,-21.768559609022944
71,114,94,115.64812640711759,-21.648126407117587
71,115,93,111.6819928394125,-18.681992839412501
71,116,92,109.75278985802889,-17.752789858028891
71,117,91,105.94448005142485,-14.944480051424847
71,118,90,105.86296734166677,-15.862967341666774
71,119,89,103.72033840323996,-14.720338403239964
71,120,88,110.89875376078869,-22.898753760788694
71,121,87,106.51124208908593,-19.511242089085925
71,122,86,104.13800252617862,-18.138002526178624
71,123,85,88.109735330077882,-3.1097353300778821
71,124,84,80.465394261274184,3.5346057387258156
71,125,83,80.533678415105953,2.4663215848940467
71,126,82,82.791561866933776,-0.79156186693377606
71,127,81,79.551811678677126,1.4481883213228741
71,128,80,70.306780154996375,9.6932198450036253
71,129,79,75.554070302783941,3.4459296972160587
71,130,78,79.886073945852758,-1.8860739458527576
71,131,77,76.135527673561299,0.86447232643870109
71,132,76,80.656232148806211,-4.6562321488062111
71,133,75,76.840021804487748,-1.8400218044877477
71,134,74,81.984231053000059,-7.9842310530000589
71,135,73,80.56726130624763,-7.5672613062476302
71,136,72,80.708703171372946,-8.7087031713729459
71,137,71,79.076263550015312,-8.0762635500153124
71,138,70,76.512797207450404,-6.5127972074504044
71,139,69,74.794786547283408,-5.7947865472834081
71,140,68,83.287195094607171,-15.287195094607171
71,141,67,78.496560833175806,-11.496560833175806
71,142,66,79.636950255367296,-13.636950255367296
71,143,65,74.754283814966328,-9.7542838149663282
71,144,64,68.213432028237278,-4.2134320282372784
71,145,63,69.309609416934677,-6.309609416934677
71,146,62,77.436760463216316,-15.436760463216316
71,147,61,68.809966179227828,-7.8099661792278283
71,148,60,73.233407432632006,-13.233407432632006
71,149,59,74.427894382054689,-15.427894382054689
71,150,58,72.735364812114483,-14.735364812114483
71,151,57,69.395139762868581,-12.395139762868581
71,152,56,75.72041155029072,-19.72041155029072
71,153,55,66.596752739049791,-11.596752739049791
71,154,54,62.168025723810821,-8.1680257238108211
71,155,53,56.278866432962872,-3.2788664329628716
71,156,52,61.129101479157981,-9.1291014791579812
71,157,51,59.554692149219065,-8.5546921492190648
71,158,50,56.652820716342127,-6.6528207163421271
71,159,49,59.919442463866105,-10.919442463866105
71,160,48,60.685205317596228,-12.685205317596228
71,161,47,67.149835624759959,-20.149835624759959
71,162,46,57.494808991625597,-11.494808991625597
71,163,45,49.862182376309185,-4.8621823763091854
71,164,44,49.670306393977022,-5.6703063939770217
71,165,43,49.338412137849687,-6.3384121378496872
71,166,42,41.271027985680661,0.72897201431933922
71,167,41,40.020774059996668,0.97922594000333163
71,168,40,41.451974284208966,-1.4519742842089656
71,169,39,40.420552365935087,-1.4205523659350874
71,170,38,39.014817551429871,-1.0148175514298714
71,171,37,36.934086308134304,0.065913691865695512
71,172,36,37.923812191433157,-1.9238121914331572
71,173,35,34.639038016771813,0.36096198322818651
71,174,34,35.721276791995848,-1.721276791995848
71,175,33,31.624529525646604,1.3754704743533956
71,176,32,29.522020687641781,2.4779793123582188
71,177,31,25.838274831054548,5.161725168945452
71,178,30,24.442655851574745,5.5573441484252548
71,179,29,23.676006482192768,5.3239935178072315
71,180,28,24.489656418883744,3.5103435811162562
71,181,27,23.317851186346214,3.6821488136537859
71,182,26,20.826780977562716,5.1732190224372836
71,183,25,19.424425146840626,5.5755748531593738
71,184,24,24.800936696809551,-0.8009366968095506
71,185,23,21.916796712049091,1.0832032879509086
71,186,22,20.962665043517795,1.037334956482205
71,187,21,22.328373260459113,-1.328373260459113
71,188,20,20.148188793927389,-0.14818879392738893
71,189,19,20.631109152725546,-1.6311091527255464
71,190,18,17.375153116541522,0.62484688345847772
71,191,17,12.037666011335022,4.9623339886649784
71,192,16,13.171025586615267,2.8289744133847332
71,193,15,13.496009570143352,1.503990429856648
71,194,14,17.575628637568904,-3.5756286375689044
71,195,13,17.355401938330438,-4.3554019383304379
71,196,12,13.37007203476918,-1.3700720347691799
71,197,11,11.703917588938801,-0.70391758893880052
71,198,10,14.582764888214381,-4.5827648882143812
71,199,9,15.469724429580554,-6.4697244295805536
71,200,8,13.921643805786131,-5.9216438057861307
71,201,7,10.971282483129405,-3.9712824831294053
71,202,6,13.007761401231495,-7.0077614012314946
71,203,5,10.706902198766578,-5.7069021987665778
71,204,4,10.727758870612403,-6.7277588706124032
71,205,3,7.0908909260833131,-4.0908909260833131
71,206,2,6.3115506052850927,-4.3115506052850927
71,207,1,3.8975900970534703,-2.8975900970534703
71,208,0,2.7854684844230762,-2.7854684844230762
89,30,125,120.03571087553371,4.9642891244662906
89,31,125,121.47403553110524,3.525964468894756
89,32,125,119.88291355519166,5.1170864448083364
89,33,125,119.6590645360014,5.3409354639986049
89,34,125,123.03666855284986,1.9633314471501393
89,35,125,120.73660994243434,4.2633900575656583
89,36,125,118.26793478894116,6.7320652110588384
89,37,125,119.06955061966855,5.9304493803314529
89,38,125,121.8483592202163,3.1516407797837047
89,39,125,121.95460981578047,3.0453901842195279
89,40,125,121.2099945378655,3.7900054621345021
89,41,125,122.72348002108033,2.2765199789196657
89,42,125,119.10653137328796,5.8934686267120355
89,43,125,120.45638864382276,4.5436113561772373
89,44,125,116.88818642753947,8.1118135724605338
89,45,125,117.34318401662669,7.6568159833733063
89,46,125,121.60442113164905,3.3955788683509525
89,47,125,122.75625381159708,2.2437461884029233
89,48,125,123.01477439611803,1.9852256038819718
89,49,125,122.30136176939264,2.698638230607358
89,50,125,124.63372954659891,0.36627045340108566
89,51,125,125,0
89,52,125,124.57795837656427,0.42204162343573159
89,53,125,122.1774273738404,2.822572626159598
89,54,125,119.36154946918771,5.6384505308122925
89,55,125,121.09033823313065,3.9096617668693483
89,56,125,120.35341056855098,4.6465894314490157
89,57,125,119.42566081631807,5.5743391836819285
89,58,125,120.48884746002658,4.5111525399734234
89,59,125,121.5106948544621,3.4893051455378981
89,60,125,121.92235431652968,3.0776456834703225
89,61,125,119.52774112021893,5.4722588797810658
89,62,125,123.14507742702652,1.8549225729734786
89,63,125,122.30445850309735,2.6955414969026492
89,64,125,123.27750678457063,1.7224932154293668
89,65,125,122.66667208112646,2.3333279188735361
89,66,125,119.20979704506355,5.7902029549364471
89,67,125,117.64326824717202,7.356731752827983
89,68,125,113.94981774191599,11.050182258084007
89,69,125,109.75715397940495,15.242846020595053
89,70,125,106.46894548360916,18.531054516390839
89,71,125,111.87760035442473,13.122399645575271
89,72,125,101.03195566838117,23.968044331618827
89,73,125,101.02555439098816,23.974445609011838
89,74,125,106.58471604105225,18.415283958947754
89,75,125,110.0119037353296,14.988096264670403
89,76,125,115.00949179760489,9.9905082023951053
89,77,125,114.15175874230809,10.84824125769191
89,78,125,120.87746364499455,4.122536355005451
89,79,125,120.20325208899351,4.7967479110064914
89,80,125,119.51718518998672,5.4828148100132807
89,81,125,121.75935417072756,3.240645829272438
89,82,125,123.3016841075037,1.6983158924962964
89,83,125,122.98259101191218,2.0174089880878228
89,84,125,118.31910121083793,6.6808987891620717
89,85,125,122.31002745524684,2.6899725447531608
89,86,125,121.36590143495363,3.6340985650463722
89,87,125,117.68241538952792,7.3175846104720819
89,88,125,119.4318047837933,5.5681952162067034
89,89,125,121.21876130865245,3.7812386913475535
89,90,125,118.51533090860639,6.4846690913936129
89,91,125,122.35864898207117,2.6413510179288266
89,92,125,124.96294720198863,0.037052798011373511
89,93,124,118.79085699499836,5.2091430050016356
89,94,123,120.37566705336648,2.6243329466335155
89,95,122,118.77578419040613,3.224215809593872
89,96,121,120.09671750221715,0.90328249778285397
89,97,120,118.93172185720508,1.0682781427949237
89,98,119,119.62168875463264,-0.62168875463264328
89,99,118,120.60775321338117,-2.6077532133811729
89,100,117,117.24808471717378,-0.24808471717378211
89,101,116,114.75274560885566,1.2472543911443381
89,102,115,118.72080257065883,-3.720802570658833
89,103,114,116.76130988363849,-2.7613098836384893
89,104,113,117.52267546661439,-4.5226754666143876
89,105,112,115.72871066388106,-3.7287106638810599
89,106,111,115.81145864243766,-4.8114586424376569
89,107,110,118.13949626227431,-8.1394962622743066
89,108,109,120.15181231227271,-11.15181231227271
89,109,108,120.3058703317465,-12.305870331746505
89,110,107,119.38649382167733,-12.386493821677334
89,111,106,120.10903426434723,-14.10903426434723
89,112,105,117.92644366525144,-12.926443665251441
89,113,104,115.64597327997441,-11.645973279974413
89,114,103,116.16315358069281,-13.163153580692807
89,115,102,114.31432527323378,-12.314325273233777
89,116,101,109.02309180208938,-8.0230918020893824
89,117,100,108.9373180422737,-8.9373180422737022
89,118,99,106.48378469155776,-7.4837846915577586
89,119,98,108.19959565040351,-10.199595650403509
89,120,97,107.331440096595,-10.331440096595003
89,121,96,113.52224911043379,-17.522249110433791
89,122,95,108.84976384859689,-13.849763848596893
89,123,94,99.646871461947939,-5.6468714619479385
89,124,93,92.468523162997258,0.53147683700274229
89,125,92,90.715391367292483,1.284608632707517
89,126,91,87.631001559169405,3.3689984408305946
89,127,90,89.085842173510784,0.91415782648921606
89,128,89,105.29967814943508,-16.299678149435081
89,129,88,101.16002796885206,-13.160027968852063
89,130,87,95.677080036415205,-8.6770800364152052
89,131,86,84.629454484623636,1.3705455153763637
89,132,85,85.568120449940423,-0.5681204499404231
89,133,84,85.975618093322481,-1.9756180933224812
89,134,83,88.413985763681666,-5.4139857636816657
89,135,82,86.490891155309015,-4.4908911553090149
89,136,81,84.531636779136193,-3.5316367791361927
89,137,80,105.29644750851244,-25.296447508512443
89,138,79,104.1001998509592,-25.1001998509592
89,139,78,96.678192878487053,-18.678192878487053
89,140,77,98.83506659673192,-21.83506659673192
89,141,76,104.51988481779918,-28.519884817799181
89,142,75,103.87870763277908,-28.878707632779083
89,143,74,98.278597845904343,-24.278597845904343
89,144,73,93.65941277228255,-20.65941277228255
89,145,72,101.45605961413327,-29.456059614133267
89,146,71,105.28720941321906,-34.28720941321906
89,147,70,97.372176253837097,-27.372176253837097
89,148,69,97.424732214854259,-28.424732214854259
89,149,68,98.174494954663032,-30.174494954663032
89,150,67,94.307384465868978,-27.307384465868978
89,151,66,92.806911027723771,-26.806911027723771
89,152,65,95.015632446428882,-30.015632446428882
89,153,64,72.719328638324598,-8.7193286383245976
89,154,63,65.231134878924962,-2.2311348789249621
89,155,62,64.81562072678183,-2.8156207267818303
89,156,61,78.328574162841562,-17.328574162841562
89,157,60,88.130966545009798,-28.130966545009798
89,158,59,86.278408639146647,-27.278408639146647
89,159,58,82.244475905246631,-24.244475905246631
89,160,57,66.482962001347062,-9.4829620013470617
89,161,56,69.584987871965652,-13.584987871965652
89,162,55,64.478333512278184,-9.4783335122781835
89,163,54,56.474680669602677,-2.4746806696026766
89,164,53,74.546196248010645,-21.546196248010645
89,165,52,69.364490315509741,-17.364490315509741
89,166,51,57.082714703763649,-6.0827147037636493
89,167,50,50.655876866760259,-0.65587686676025925
89,168,49,53.573664940701399,-4.5736649407013985
89,169,48,49.655250904816526,-1.6552509048165263
89,170,47,45.123177251008016,1.8768227489919838
89,171,46,56.615378344144226,-10.615378344144226
89,172,45,52.671777694923257,-7.6717776949232572
89,173,44,45.360717386898003,-1.3607173868980027
89,174,43,41.586640696737938,1.4133593032620624
89,175,42,38.620701746947844,3.3792982530521556
89,176,41,47.887560399206521,-6.8875603992065209
89,177,40,49.181260535613795,-9.1812605356137951
89,178,39,52.665653066649313,-13.665653066649313
89,179,38,49.265238773032365,-11.265238773032365
89,180,37,52.254633245934137,-15.254633245934137
89,181,36,41.811729617815523,-5.8117296178155229
89,182,35,37.227724082229614,-2.2277240822296136
89,183,34,29.515533083782937,4.4844669162170625
89,184,33,33.190376198444497,-0.19037619844449694
89,185,32,29.179323747631987,2.8206762523680133
89,186,31,28.122626237869966,2.8773737621300342
89,187,30,29.288193699786056,0.71180630021394364
89,188,29,29.70796678758629,-0.70796678758629028
89,189,28,32.046695165595239,-4.0466951655952386
89,190,27,30.452671435441207,-3.4526714354412071
89,191,26,25.54611660012322,0.45388339987677995
89,192,25,25.313426845802301,-0.31342684580230085
89,193,24,29.128129614622193,-5.1281296146221926
89,194,23,34.787216484320936,-11.787216484320936
89,195,22,31.1329749521698,-9.1329749521697998
89,196,21,27.247194287415898,-6.2471942874158977
89,197,20,20.566679215537235,-0.56667921553723488
89,198,19,20.829563381971436,-1.8295633819714361
89,199,18,15.286169370077967,2.7138306299220325
89,200,17,18.005673271527566,-1.0056732715275665
89,201,16,17.395447625734452,-1.3954476257344517
89,202,15,13.531788358824565,1.4682116411754347
89,203,14,9.6476927197607765,4.3523072802392235
89,204,13,10.74659349633834,2.25340650366166
89,205,12,8.950443692847081,3.049556307152919
89,206,11,8.6582613905202042,2.3417386094797958
89,207,10,8.2218579954999154,1.7781420045000846
89,208,9,8.1822411424920212,0.81775885750797883
89,209,8,7.0568171889470648,0.94318281105293522
89,210,7,6.1461848634162815,0.85381513658371855
89,211,6,4.0484974616458409,1.9515025383541591
89,212,5,3.8969390348590052,1.1030609651409948
89,213,4,3.8521312499070728,0.14786875009292721
89,214,3,2.4607818130174501,0.53921818698254986
89,215,2,1.455482661134933,0.54451733886506704
89,216,1,1.0517867396738982,-0.051786739673898241
89,217,0,0,0
92,30,125,121.85611717268992,3.1438828273100796
92,31,125,120.1435308998748,4.8564691001251958
92,32,125,119.04625492716269,5.9537450728373074
92,33,125,119.6283636618607,5.3716363381392966
92,34,125,118.56104726174506,6.4389527382549403
92,35,125,120.38558996607932,4.6144100339206773
92,36,125,115.19545395031852,9.8045460496814769
92,37,125,112.0496693383656,12.950330661634396
92,38,125,111.9338250904551,13.066174909544898
92,39,125,109.22651623697355,15.773483763026448
92,40,125,114.38497461107283,10.615025388927165
92,41,125,114.68539088060723,10.31460911939277
92,42,125,112.22121635198977,12.778783648010233
92,43,125,113.01141519427929,11.988584805720706
92,44,125,116.85020320434855,8.1497967956514543
92,45,125,109.28603817948105,15.713961820518946
92,46,125,108.79392971786598,16.206070282134021
92,47,125,113.1343900655869,11.865609934413101
92,48,125,110.18970047995937,14.81029952004063
92,49,125,109.83304534228829,15.166954657711713
92,50,125,112.95540067034382,12.04459932965618
92,51,125,111.02354106896173,13.976458931038266
92,52,125,102.46857405362478,22.531425946375222
92,53,125,105.15208439546983,19.847915604530172
92,54,125,110.29231660563856,14.707683394361439
92,55,125,110.81392870801029,14.186071291989705
92,56,125,121.3704309588267,3.6295690411732977
92,57,125,121.81354835763661,3.1864516423633944
92,58,125,119.72131816515092,5.2786818348490812
92,59,125,120.42525328391757,4.57474671608243
92,60,125,120.57136654990995,4.4286334500900466
92,61,125,113.33241970582419,11.667580294175806
92,62,125,117.18304259725531,7.8169574027446913
92,63,125,119.09131205239014,5.908687947609863
92,64,125,120.86589921046354,4.1341007895364612
92,65,125,121.58649406733875,3.413505932661252
92,66,125,121.06541617766891,3.9345838223310921
92,67,125,122.75083132766923,2.249168672330768
92,68,125,123.31386060628654,1.6861393937134608
92,69,125,121.12786742451027,3.8721325754897293
92,70,125,119.73307326494282,5.2669267350571829
92,71,125,118.74708104035332,6.2529189596466779
92,72,125,122.1363304667838,2.8636695332161963
92,73,125,121.39152630406927,3.6084736959307264
92,74,125,121.49521686973644,3.5047831302635615
92,75,125,124.17469472811982,0.82530527188018254
92,76,125,123.8770762514267,1.1229237485732995
92,77,125,119.26689139306883,5.7331086069311681
92,78,125,119.57759832742543,5.4224016725745656
92,79,125,121.44251993470435,3.5574800652956498
92,80,125,121.43375051207127,3.5662494879287294
92,81,125,123.26788128695726,1.7321187130427376
92,82,125,120.33039127965449,4.6696087203455079
92,83,125,120.76876616056694,4.2312338394330595
92,84,125,118.23106202273398,6.7689379772660203
92,85,125,119.4627689843894,5.537231015610601
92,86,125,118.31430300222151,6.6856969977784928
92,87,125,118.32502342630166,6.6749765736983449
92,88,125,118.81497831522634,6.185021684773659
92,89,125,116.83193447729141,8.1680655227085879
92,90,125,111.31133191747007,13.688668082529929
92,91,125,114.83688251233133,10.163117487668671
92,92,125,114.66357081739497,10.336429182605031
92,93,125,114.65177711870373,10.348222881296266
92,94,125,117.34623009177568,7.6537699082243194
92,95,125,115.09041536462199,9.9095846353780104
92,96,125,105.36404480984211,19.635955190157887
92,97,125,107.06272455347315,17.937275446526854
92,98,125,108.94906880015333,16.050931199846673
92,99,125,111.35688515736196,13.643114842638042
92,100,125,110.8403158720063,14.1596841279937
92,101,125,116.06463835887665,8.9353616411233503
92,102,125,112.33823373468167,12.661766265318334
92,103,125,100.09550791146982,24.904492088530176
92,104,125,97.193163554466437,27.806836445533563
92,105,125,99.76852411415507,25.23147588584493
92,106,125,102.90368930632025,22.096310693679754
92,107,125,105.84513202921002,19.154867970789979
92,108,125,109.74724205589733,15.252757944102669
92,109,125,107.80762067318659,17.192379326813409
92,110,125,113.18627439550701,11.813725604492987
92,111,125,111.71413065690028,13.285869343099719
92,112,125,111.66359634780433,13.336403652195671
92,113,125,117.18277152248258,7.8172284775174177
92,114,125,118.00001621578016,6.999983784219836
92,115,125,120.13292693419177,4.8670730658082277
92,116,125,115.13824358172528,9.861756418274723
92,117,125,117.82048283789747,7.1795171621025275
92,118,125,117.24462734610285,7.7553726538971546
92,119,125,120.58607948098636,4.4139205190136437
92,120,125,119.55214917082785,5.4478508291721539
92,121,125,119.17706108355304,5.822938916446958
92,122,125,122.8438964442318,2.1561035557681976
92,123,125,123.86208758495913,1.1379124150408728
92,124,125,124.27554536313467,0.72445463686533174
92,125,125,124.68974650295749,0.31025349704250971
92,126,125,124.249389002941,0.75061099705899892
92,127,125,122.69435799777933,2.3056420022206652
92,128,125,121.62390794577809,3.3760920542219139
92,129,125,122.60741988348515,2.3925801165148499
92,130,125,123.31388904717815,1.6861109528218492
92,131,125,121.9220466594696,3.0779533405303994
92,132,125,121.19189026426221,3.8081097357377871
92,133,125,111.44556422770066,13.554435772299342
92,134,125,117.41442654261388,7.5855734573861184
92,135,125,118.15434123023878,6.845658769761215
92,136,125,114.70056029723204,10.299439702767955
92,137,125,108.28715297172371,16.712847028276286
92,138,125,114.32167236112166,10.678327638878343
92,139,125,115.39078649987808,9.6092135001219248
92,140,125,120.04322341643405,4.9567765835659543
92,141,125,120.7400244820037,4.2599755179962955
92,142,125,117.69994213829652,7.300057861703479
92,143,125,119.75574860351331,5.244251396486689
92,144,125,121.2917374189056,3.7082625810944023
92,145,125,121.18550858005824,3.8144914199417599
92,146,125,121.49843126171407,3.5015687382859255
92,147,125,121.26331713954873,3.7366828604512676
92,148,125,118.5198907438094,6.4801092561906017
92,149,125,119.16553367961856,5.8344663203814378
92,150,125,121.74514552583146,3.254854474168539
92,151,125,122.04554119478981,2.9544588052101943
92,152,125,122.46187586054582,2.5381241394541831
92,153,125,119.42091039612393,5.5790896038760707
92,154,125,117.76364150977275,7.2363584902272464
92,155,125,116.39289500946155,8.6071049905384456
92,156,125,123.33849565704239,1.6615043429576133
92,157,125,121.77482655661541,3.2251734433845911
92,158,125,123.46810355762435,1.531896442375654
92,159,125,123.36989927864651,1.6301007213534859
92,160,125,123.11528751493171,1.8847124850682917
92,161,125,121.17930227693384,3.8206977230661607
92,162,125,118.66874165356469,6.3312583464353054
92,163,125,116.05209173457345,8.9479082654265483
92,164,125,114.342290781421,10.657709218579001
92,165,125,112.40033001008227,12.599669989917729
92,166,125,120.23417050971753,4.7658294902824707
92,167,125,115.36221496306469,9.6377850369353126
92,168,125,117.13543921998246,7.8645607800175412
92,169,125,115.20038050368059,9.7996194963194085
92,170,125,116.08504269991323,8.914957300086769
92,171,125,114.09670329713002,10.90329670286998
92,172,125,113.70525472678634,11.294745273213664
92,173,125,117.7277380039173,7.2722619960827046
92,174,125,120.5737880342935,4.4262119657065
92,175,125,116.58867114016483,8.4113288598351659
92,176,125,119.37314145049577,5.6268585495042345
92,177,125,121.35573430622593,3.6442656937740736
92,178,125,120.4684928410276,4.5315071589724027
92,179,125,119.34239389252865,5.6576061074713522
92,180,125,114.44567227602948,10.554327723970516
92,181,125,113.74021149749599,11.259788502504009
92,182,125,118.85455725150682,6.1454427484931813
92,183,125,105.3367985196553,19.663201480344696
92,184,125,109.95287332228263,15.047126677717372
92,185,125,103.93825894726736,21.061741052732643
92,186,125,112.1619037070349,12.838096292965105
92,187,125,118.20743957434443,6.7925604256555658
92,188,125,123.78819431902747,1.2118056809725317
92,189,125,123.16113242600527,1.8388675739947331
92,190,125,117.05624787185889,7.9437521281411136
92,191,125,109.71031124424603,15.289688755753971
92,192,125,110.6079295323558,14.392070467644203
92,193,125,98.35286816087465,26.64713183912535
92,194,125,99.640525057434687,25.359474942565313
92,195,125,108.34494742694289,16.655052573057105
92,196,125,89.879689678270623,35.120310321729377
92,197,125,83.085425010285007,41.914574989714993
92,198,125,73.8112414621461,51.1887585378539
92,199,125,73.906410717763194,51.093589282236806
92,200,125,81.109436000820622,43.890563999179378
92,201,125,91.532987219223529,33.467012780776471
92,202,125,83.992895346317312,41.007104653682688
92,203,125,86.825473849381225,38.174526150618775
92,204,125,94.635088748494681,30.364911251505319
92,205,125,90.017995252143734,34.982004747856266
92,206,125,91.055129705563033,33.944870294436967
92,207,125,91.390562968307265,33.609437031692735
92,208,125,96.052547329878834,28.947452670121166
92,209,125,89.715814676874729,35.284185323125271
92,210,125,94.685556072597251,30.314443927402749
92,211,125,102.37028831030219,22.629711689697814
92,212,125,107.19131798776355,17.808682012236446
92,213,125,108.82606353154102,16.173936468458976
92,214,125,110.62321044812614,14.376789551873856
92,215,125,108.71134760258765,16.288652397412349
92,216,125,114.26416927728572,10.735830722714283
92,217,124,110.0720485476063,13.9279514523937
92,218,123,111.22379631710092,11.77620368289908
92,219,122,102.59552799215501,19.404472007844987
92,220,121,105.48575317882164,15.514246821178361
92,221,120,110.38548083542761,9.6145191645723855
92,222,119,113.56150732054199,5.4384926794580082
92,223,118,109.46464891496372,8.5353510850362824
92,224,117,105.91696482518495,11.083035174815052
92,225,116,101.95910959864318,14.040890401356819
92,226,115,98.427116572924774,16.572883427075226
92,227,114,97.542889327862056,16.457110672137944
92,228,113,91.607080301355509,21.392919698644491
92,229,112,87.002502486162726,24.997497513837274
92,230,111,90.392319571450017,20.607680428549983
92,231,110,83.291056189147568,26.708943810852432
92,232,109,89.276023408363571,19.723976591636429
92,233,108,75.724672088452991,32.275327911547009
92,234,107,79.996620170422148,27.003379829577852
92,235,106,73.985398955944646,32.014601044055354
92,236,105,65.778534975141739,39.221465024858261
92,237,104,67.428832624369051,36.571167375630949
92,238,103,62.820228798686109,40.179771201313891
92,239,102,76.118129863795588,25.881870136204412
92,240,101,88.176824068300675,12.823175931699325
92,241,100,82.573100621459204,17.426899378540796
92,242,99,71.49574414382117,27.50425585617883
92,243,98,73.143897851714982,24.856102148285018
92,244,97,78.958491442258733,18.041508557741267
92,245,96,67.85815100665981,28.14184899334019
92,246,95,66.612739598277884,28.387260401722116
92,247,94,58.44339558079097,35.55660441920903
92,248,93,60.398895485726463,32.601104514273537
92,249,92,56.72336030644243,35.27663969355757
92,250,91,64.10962959768105,26.89037040231895
92,251,90,60.899786890133704,29.100213109866296
92,252,89,71.246889345993026,17.753110654006974
92,253,88,67.023037284540152,20.976962715459848
92,254,87,48.392971810062875,38.607028189937125
92,255,86,54.819587182640156,31.180412817359844
92,256,85,62.583100264813631,22.416899735186369
92,257,84,59.027786324849473,24.972213675150527
92,258,83,58.885587863317596,24.114412136682404
92,259,82,53.821798449549078,28.178201550450922
92,260,81,48.089011689863526,32.910988310136474
92,261,80,54.603968206642918,25.396031793357082
92,262,79,54.551011953500236,24.448988046499764
92,263,78,58.154883312565254,19.845116687434746
92,264,77,51.80696124593613,25.19303875406387
92,265,76,55.211132872081699,20.788867127918301
92,266,75,47.907874418793121,27.092125581206879
92,267,74,46.976555388980998,27.023444611019002
92,268,73,47.489626930286242,25.510373069713758
92,269,72,47.422992993648812,24.577007006351188
92,270,71,47.903393430937555,23.096606569062445
92,271,70,47.288875235551608,22.711124764448392
92,272,69,55.982564438729405,13.017435561270595
92,273,68,58.794111152562415,9.2058888474375848
92,274,67,56.148719150657236,10.851280849342764
92,275,66,51.505047810646637,14.494952189353363
92,276,65,52.350991761070425,12.649008238929575
92,277,64,44.192196806430687,19.807803193569313
92,278,63,45.005232139496442,17.994767860503558
92,279,62,42.124172929420268,19.875827070579732
92,280,61,39.625722343578772,21.374277656421228
92,281,60,38.602917995355604,21.397082004644396
92,282,59,48.206773825697965,10.793226174302035
92,283,58,43.674679028952539,14.325320971047461
92,284,57,41.238247773809235,15.761752226190765
92,285,56,42.365687084150501,13.634312915849499
92,286,55,40.176916672533949,14.823083327466051
92,287,54,41.237721655881082,12.762278344118918
92,288,53,37.717431488016494,15.282568511983506
92,289,52,36.664217139421218,15.335782860578782
92,290,51,34.650670231672102,16.349329768327898
92,291,50,35.165479862159003,14.834520137840997
92,292,49,37.802684019988106,11.197315980011894
92,293,48,36.121136525518686,11.878863474481314
92,294,47,40.620664878135692,6.3793351218643082
92,295,46,41.844727045471899,4.1552729545281011
92,296,45,40.938703633525982,4.0612963664740178
92,297,44,43.225152372075399,0.7748476279246006
92,298,43,42.053882825905944,0.94611717409405571
92,299,42,40.624178015787741,1.3758219842122585
92,300,41,38.920350379676378,2.0796496203236217
92,301,40,38.672692647817151,1.3273073521828493
92,302,39,36.778355075704589,2.2216449242954113
92,303,38,37.025032883071802,0.97496711692819815
92,304,37,33.559669331603168,3.4403306683968324
92,305,36,36.350115553717941,-0.35011555371794145
92,306,35,35.122238623179705,-0.12223862317970458
92,307,34,32.903800631346137,1.0961993686538634
92,308,33,29.784854546928003,3.2151454530719974
92,309,32,28.79961558218297,3.2003844178170304
92,310,31,27.952594356516851,3.0474056434831489
92,311,30,23.510885370103612,6.4891146298963882
92,312,29,25.227267659553753,3.7727323404462467
92,313,28,22.119495269213523,5.8805047307864768
92,314,27,22.943440956603304,4.056559043396696
92,315,26,25.466887111970923,0.53311288802907697
92,316,25,23.745085060500692,1.254914939499308
92,317,24,24.355698065560851,-0.35569806556085126
92,318,23,23.635405795635528,-0.63540579563552768
92,319,22,22.0302459687023,-0.030245968702299564
92,320,21,16.329235462335301,4.6707645376646987
92,321,20,12.982027213083192,7.0179727869168076
92,322,19,13.376110552385214,5.6238894476147863
92,323,18,14.035707324221772,3.9642926757782284
92,324,17,12.244512094753096,4.7554879052469037
92,325,16,12.664401777424438,3.3355982225755625
92,326,15,11.714563886455247,3.285436113544753
92,327,14,12.72623411597387,1.2737658840261297
92,328,13,11.424463623638417,1.5755363763615833
92,329,12,12.192845501399288,-0.19284550139928847
92,330,11,13.427287858988104,-2.4272878589881035
92,331,10,13.181016243851467,-3.1810162438514666
92,332,9,14.481531315659034,-5.4815313156590335
92,333,8,12.851301008895897,-4.8513010088958968
92,334,7,15.389205073318051,-8.3892050733180508
92,335,6,12.474512989486715,-6.4745129894867155
92,336,5,9.779769745425698,-4.779769745425698
92,337,4,10.605278544554894,-6.6052785445548938
92,338,3,12.091199478891399,-9.091199478891399
92,339,2,8.5521956524879954,-6.5521956524879954
92,340,1,7.3545457302256576,-6.3545457302256576
92,341,0,8.1477672432344654,-8.1477672432344654
95,30,125,122.73806217675006,2.2619378232499372
95,31,125,118.88283359302845,6.117166406971549
95,32,125,117.37103519380193,7.6289648061980699
95,33,125,120.28294461213369,4.71705538786631
95,34,125,116.60624990953571,8.3937500904642945
95,35,125,111.2954598062643,13.704540193735696
95,36,125,110.19063836336399,14.809361636636012
95,37,125,112.96654393391167,12.033456066088334
95,38,125,120.13741470105302,4.862585298946982
95,39,125,116.40366004964676,8.5963399503532401
95,40,125,112.59062853137907,12.409371468620932
95,41,125,118.68623694933866,6.3137630506613363
95,42,125,119.42742027716795,5.5725797228320459
95,43,125,119.94419873255288,5.0558012674471229
95,44,125,122.30047847505189,2.6995215249481106
95,45,125,121.00847771374538,3.9915222862546216
95,46,125,121.42915859479039,3.570841405209606
95,47,125,124.64950322846478,0.35049677153521941
95,48,125,125,0
95,49,125,122.86463370763036,2.135366292369639
95,50,125,121.69894983441574,3.3010501655842575
95,51,125,124.64745795382673,0.35254204617326934
95,52,125,123.47141024525399,1.5285897547460081
95,53,125,123.63792350666354,1.3620764933364597
95,54,125,123.98072300373981,1.0192769962601886
95,55,125,123.5003274293413,1.4996725706587029
95,56,125,125,0
95,57,125,125,0
95,58,125,125,0
95,59,125,125,0
95,60,125,125,0
95,61,125,125,0
95,62,125,123.51533147039817,1.4846685296018336
95,63,125,125,0
95,64,125,124.56654341310417,0.43345658689582933
95,65,125,124.40661228028043,0.59338771971957271
95,66,125,124.61093455196139,0.38906544803860754
95,67,125,121.35915908294209,3.6408409170579148
95,68,125,122.06777418944637,2.9322258105536321
95,69,125,123.0830674774263,1.9169325225737026
95,70,125,123.13499062122369,1.8650093787763069
95,71,125,124.70423952885969,0.29576047114031212
95,72,125,122.607402497801,2.3925975021989956
95,73,125,121.12612115655836,3.8738788434416449
95,74,125,121.72290578858009,3.2770942114199073
95,75,125,122.0751733252455,2.9248266747544989
95,76,125,120.0947574311064,4.9052425688935983
95,77,125,120.1669174826786,4.8330825173214009
95,78,125,122.74393198732908,2.2560680126709229
95,79,125,122.7547331284956,2.2452668715043984
95,80,125,122.68125955072765,2.3187404492723545
95,81,125,123.11632314644632,1.8836768535536805
95,82,125,122.52306232829349,2.4769376717065086
95,83,125,121.55197920803032,3.4480207919696824
95,84,125,121.1423887759741,3.8576112240259022
95,85,125,121.43095537257953,3.5690446274204675
95,86,125,122.91763695333741,2.0823630466625929
95,87,125,121.34484428747916,3.6551557125208376
95,88,125,121.24647683128777,3.7535231687122348
95,89,125,121.65904766637031,3.3409523336296871
95,90,125,122.00054979908258,2.9994502009174226
95,91,125,121.72784116900343,3.2721588309965739
95,92,125,120.78742573875387,4.2125742612461323
95,93,125,121.19359207368862,3.8064079263113797
95,94,125,121.95839411506427,3.0416058849357341
95,95,125,119.24572111869352,5.754278881306476
95,96,125,117.37059118133614,7.6294088186638618
95,97,125,115.88381810475697,9.1161818952430309
95,98,125,117.58153398157505,7.4184660184249509
95,99,125,115.75698670827377,9.2430132917262284
95,100,125,116.50531760751163,8.4946823924883716
95,101,125,117.06267731587582,7.9373226841241831
95,102,125,117.24600819390486,7.7539918060951436
95,103,125,115.02040973279048,9.9795902672095167
95,104,125,113.89578607516853,11.10421392483147
95,105,125,114.70121692936694,10.298783070633064
95,106,125,117.28422373671046,7.7157762632895412
95,107,125,116.07710736210628,8.9228926378937246
95,108,125,115.96735979819441,9.0326402018055916
95,109,125,116.74758203738203,8.2524179626179688
95,110,125,115.99795401291095,9.0020459870890477
95,111,125,114.53308408643683,10.46691591356317
95,112,125,116.90615337783622,8.093846622163781
95,113,125,118.92300952801679,6.0769904719832084
95,114,125,116.67964250911969,8.320357490880312
95,115,125,117.94387500259064,7.0561249974093556
95,116,125,119.30454643631016,5.6954535636898385
95,117,125,121.87095712385374,3.1290428761462579
95,118,125,122.0719705592377,2.9280294407623018
95,119,125,119.12623704644241,5.8737629535575877
95,120,125,121.70478570540591,3.2952142945940892
95,121,125,116.8400805775283,8.1599194224717024
95,122,125,114.57783192654233,10.422168073457669
95,123,125,117.36123834094532,7.6387616590546799
95,124,125,119.11878471188093,5.8812152881190656
95,125,125,121.19873074897959,3.8012692510204147
95,126,125,118.22023425516633,6.7797657448336679
95,127,125,119.08180166567027,5.9181983343297304
95,128,125,119.47765477997726,5.5223452200227428
95,129,125,114.70053150294774,10.29946849705226
95,130,125,117.71938287083989,7.2806171291601061
95,131,125,117.59750776523627,7.4024922347637272
95,132,125,116.29627428803281,8.7037257119671949
95,133,125,117.13115991345134,7.8688400865486585
95,134,125,114.7789568467622,10.221043153237801
95,135,125,112.4690678619661,12.530932138033904
95,136,125,110.34146693325454,14.658533066745463
95,137,125,112.67479219757153,12.325207802428466
95,138,125,108.55696405526501,16.443035944734987
95,139,125,106.75265827810114,18.247341721898863
95,140,125,100.65262351755818,24.347376482441817
95,141,125,104.6891083070052,20.310891692994801
95,142,125,101.6463846278014,23.353615372198604
95,143,125,99.335232459758856,25.664767540241144
95,144,125,103.12150724413932,21.878492755860677
95,145,125,93.594340600470787,31.405659399529213
95,146,125,96.175086136626405,28.824913863373595
95,147,125,100.81185291121892,24.188147088781079
95,148,125,101.54835524800205,23.451644751997947
95,149,125,96.775979096988195,28.224020903011805
95,150,125,101.56210640614046,23.437893593859542
95,151,125,101.39102535861535,23.608974641384648
95,152,125,109.41457443775785,15.58542556224215
95,153,125,107.49743470959262,17.502565290407375
95,154,125,108.35268667192408,16.647313328075924
95,155,125,113.85577750564642,11.144222494353585
95,156,125,112.15239280931779,12.847607190682211
95,157,125,109.20937756777026,15.790622432229739
95,158,125,108.16043093400606,16.839569065993942
95,159,124,109.10643594612257,14.893564053877427
95,160,123,101.85436872996053,21.145631270039473
95,161,122,105.921114122552,16.078885877448002
95,162,121,106.12332449109765,14.876675508902352
95,163,120,109.93066392602606,10.069336073973943
95,164,119,102.50179655586102,16.49820344413898
95,165,118,108.53178482031417,9.4682151796858278
95,166,117,105.4644237352061,11.535576264793903
95,167,116,106.27138799510431,9.7286120048956946
95,168,115,95.5702169072582,19.4297830927418
95,169,114,91.885709498308358,22.114290501691642
95,170,113,90.450489660840944,22.549510339159056
95,171,112,96.646035962325541,15.353964037674459
95,172,111,93.233661808970069,17.766338191029931
95,173,110,95.396739781326659,14.603260218673341
95,174,109,92.220959478610126,16.779040521389874
95,175,108,90.985225033028598,17.014774966971402
95,176,107,91.304457430157001,15.695542569842999
95,177,106,88.7890127609448,17.2109872390552
95,178,105,92.042446039964446,12.957553960035554
95,179,104,94.285542081328401,9.7144579186715987
95,180,103,84.703221144606971,18.296778855393029
95,181,102,92.619404846017929,9.3805951539820711
95,182,101,99.814173917827873,1.1858260821721274
95,183,100,100.51076819881051,-0.51076819881050994
95,184,99,91.193030462953089,7.8069695370469105
95,185,98,94.773195830662416,3.2268041693375835
95,186,97,89.798227153785717,7.2017728462142827
95,187,96,85.672441188635517,10.327558811364483
95,188,95,75.495127317713951,19.504872682286049
95,189,94,86.729508308754362,7.2704916912456383
95,190,93,67.186439593043545,25.813560406956455
95,191,92,69.893195480915423,22.106804519084577
95,192,91,76.627019570450187,14.372980429549813
95,193,90,68.901206685998872,21.098793314001128
95,194,89,68.791880361778354,20.208119638221646
95,195,88,76.720429228995187,11.279570771004813
95,196,87,78.255372869693161,8.7446271303068386
95,197,86,73.989998055954175,12.010001944045825
95,198,85,65.543336903784322,19.456663096215678
95,199,84,54.560565184821932,29.439434815178068
95,200,83,64.208831121130046,18.791168878869954
95,201,82,66.941567148085795,15.058432851914205
95,202,81,63.461049866246938,17.538950133753062
95,203,80,65.090805444185278,14.909194555814722
95,204,79,65.269798632669307,13.730201367330693
95,205,78,64.541865302009668,13.458134697990332
95,206,77,70.279531412320125,6.7204685876798749
95,207,76,70.799282551518829,5.2007174484811713
95,208,75,68.414509974753855,6.5854900252461448
95,209,74,68.086422383042745,5.9135776169572551
95,210,73,65.458183264500065,7.5418167354999355
95,211,72,66.588566392660113,5.4114336073398874
95,212,71,62.563768968656092,8.4362310313439082
95,213,70,58.095883778056574,11.904116221943426
95,214,69,59.083388573332613,9.9166114266673873
95,215,68,59.518256126991716,8.4817438730082841
95,216,67,56.099734461766936,10.900265538233064
95,217,66,60.38002581956043,5.61997418043957
95,218,65,57.944034708913861,7.0559652910861388
95,219,64,59.367198103640952,4.632801896359048
95,220,63,52.922760178336439,10.077239821663561
95,221,62,46.68638103010791,15.31361896989209
95,222,61,46.523757812326039,14.476242187673961
95,223,60,45.288491555958217,14.711508444041783
95,224,59,53.058935066849251,5.9410649331507486
95,225,58,51.598706453892177,6.4012935461078229
95,226,57,68.119569352562479,-11.119569352562479
95,227,56,64.97828166551588,-8.9782816655158797
95,228,55,53.354110095365016,1.6458899046349842
95,229,54,53.350559923613176,0.64944007638682422
95,230,53,47.368916357839076,5.6310836421609238
95,231,52,51.294344258842152,0.70565574115784813
95,232,51,47.104865279393671,3.8951347206063289
95,233,50,49.83698683685575,0.16301316314424952
95,234,49,47.256182022775818,1.7438179772241824
95,235,48,42.654149339486956,5.3458506605130438
95,236,47,48.505772979413656,-1.5057729794136563
95,237,46,42.890916951278271,3.1090830487217289
95,238,45,42.75068703247733,2.2493129675226697
95,239,44,37.129265465499721,6.8707345345002793
95,240,43,36.830342590804598,6.169657409195402
95,241,42,41.231799234965656,0.76820076503434365
95,242,41,30.435668422859376,10.564331577140624
95,243,40,29.177628921846981,10.822371078153019
95,244,39,27.893615525243352,11.106384474756648
95,245,38,26.065348304975569,11.934651695024431
95,246,37,29.638230633327588,7.3617693666724122
95,247,36,34.866526607692926,1.1334733923070743
95,248,35,37.80697679266207,-2.8069767926620699
95,249,34,36.38447739273991,-2.3844773927399103
95,250,33,33.847839761605179,-0.84783976160517938
95,251,32,36.695868320671515,-4.6958683206715151
95,252,31,34.570381078007749,-3.570381078007749
95,253,30,33.222008688658491,-3.2220086886584909
95,254,29,32.12370770612354,-3.1237077061235397
95,255,28,33.020304471422605,-5.0203044714226053
95,256,27,30.388217050705126,-3.3882170507051264
95,257,26,33.799213703235196,-7.7992137032351962
95,258,25,27.878645336170706,-2.8786453361707061
95,259,24,36.938003083552779,-12.938003083552779
95,260,23,34.539346617521701,-11.539346617521701
95,261,22,33.941040048955536,-11.941040048955536
95,262,21,34.819418724229926,-13.819418724229926
95,263,20,30.00532910393342,-10.00532910393342
95,264,19,27.388508433994463,-8.3885084339944633
95,265,18,23.959079942695048,-5.9590799426950483
95,266,17,24.465513010898434,-7.4655130108984338
95,267,16,19.085588633576833,-3.0855886335768332
95,268,15,16.797631230783011,-1.7976312307830113
95,269,14,15.073051941793137,-1.0730519417931372
95,270,13,15.739813135230175,-2.7398131352301753
95,271,12,14.273087657338968,-2.2730876573389676
95,272,11,12.940781941642474,-1.9407819416424736
95,273,10,9.8255712322375626,0.17442876776243743
95,274,9,8.2241549191315642,0.77584508086843584
95,275,8,6.132824719778899,1.867175280221101
95,276,7,5.1527025707572145,1.8472974292427855
95,277,6,5.5940600326685477,0.40593996733145232
95,278,5,5.8522177883574802,-0.85221778835748019
95,279,4,4.9997660234176804,-0.99976602341768039
95,280,3,3.4747000374979922,-0.47470003749799217
95,281,2,2.7520925635759426,-0.75209256357594256
95,282,1,2.6194853141154013,-1.6194853141154013
95,283,0,2.4912728855008264,-2.4912728855008264
